member,pay_date,amt,fees,net_amt,type
1,12/3/2023,$283.00 ,$8.49 ,$274.51 ,Credit Card
2,12/2/2023,$140.00 ,$0.00 ,$140.00 ,Cash (offline)
3,12/1/2023,$900.00 ,$27.00 ,$873.00 ,Credit Card
4,12/1/2023,$120.00 ,$3.60 ,$116.40 ,Credit Card
1,12/1/2023,$284.00 ,$8.52 ,$275.48 ,Credit Card
5,11/27/2023,$160.00 ,$4.80 ,$155.20 ,Credit Card
6,11/26/2023,$50.00 ,$0.00 ,$50.00 ,Mailed Payment
7,11/21/2023,$50.00 ,$0.00 ,$50.00 ,Mailed Payment
8,11/19/2023,$550.00 ,$16.50 ,$533.50 ,Credit Card
9,11/13/2023,$340.00 ,$0.00 ,$340.00 ,Bank Account
10,11/7/2023,$810.00 ,$24.30 ,$785.70 ,Credit Card
2,11/7/2023,$140.00 ,$0.00 ,$140.00 ,Cash (offline)
4,11/4/2023,$100.00 ,$0.00 ,$100.00 ,Cash (offline)
7,11/2/2023,$850.00 ,$0.00 ,$850.00 ,Check (offline)
6,11/1/2023,$850.00 ,$0.00 ,$850.00 ,Mailed Payment
11,11/1/2023,$55.00 ,$0.00 ,$55.00 ,Bank Account
12,10/31/2023,$350.00 ,$10.50 ,$339.50 ,Credit Card
13,10/30/2023,$550.00 ,$0.00 ,$550.00 ,Bank Account
14,10/30/2023,$850.00 ,$0.00 ,$850.00 ,Bank Account
1,10/30/2023,$283.00 ,$8.49 ,$274.51 ,Credit Card
15,10/28/2023,$550.00 ,$16.50 ,$533.50 ,Credit Card
16,10/27/2023,$750.00 ,$22.50 ,$727.50 ,Credit Card
17,10/26/2023,$750.00 ,$0.00 ,$750.00 ,Bank Account
18,10/25/2023,$850.00 ,$0.00 ,$850.00 ,Bank Account
19,10/24/2023,$850.00 ,$0.00 ,$850.00 ,Bank Account
20,10/24/2023,$350.00 ,$0.00 ,$350.00 ,Cash (offline)
21,10/20/2023,$550.00 ,$0.00 ,$550.00 ,Mailed Payment
22,10/17/2023,$850.00 ,$0.00 ,$850.00 ,Mailed Payment
23,10/17/2023,$300.00 ,$0.00 ,$300.00 ,Mailed Payment
24,10/17/2023,"$1,650.00 ",$0.00 ,"$1,650.00 ",Mailed Payment
5,10/16/2023,$160.00 ,$4.80 ,$155.20 ,Credit Card
2,10/16/2023,$150.00 ,$0.00 ,$150.00 ,Cash (offline)
25,10/15/2023,$550.00 ,$16.50 ,$533.50 ,Credit Card
26,10/12/2023,$550.00 ,$0.00 ,$550.00 ,Cash (offline)
27,10/12/2023,$850.00 ,$0.00 ,$850.00 ,Cash (offline)
28,10/11/2023,$850.00 ,$25.50 ,$824.50 ,Credit Card
29,10/11/2023,$850.00 ,$25.50 ,$824.50 ,Credit Card
30,10/11/2023,$850.00 ,$0.00 ,$850.00 ,Bank Account
31,10/11/2023,$300.00 ,$0.00 ,$300.00 ,Bank Account
32,10/11/2023,$750.00 ,$22.50 ,$727.50 ,Credit Card
33,10/10/2023,$850.00 ,$25.50 ,$824.50 ,Credit Card
34,10/10/2023,$850.00 ,$0.00 ,$850.00 ,Cash (offline)
35,10/10/2023,$850.00 ,$25.50 ,$824.50 ,Credit Card
36,10/4/2023,$750.00 ,$22.50 ,$727.50 ,Credit Card
37,10/1/2023,$750.00 ,$0.00 ,$750.00 ,Cash (offline)
11,10/1/2023,$165.00 ,$0.00 ,$165.00 ,Bank Account
38,9/30/2023,$700.00 ,$21.00 ,$679.00 ,Credit Card
39,9/29/2023,$800.00 ,$0.00 ,$800.00 ,Bank Account
40,9/29/2023,$400.00 ,$0.00 ,$400.00 ,Mailed Payment
11,9/29/2023,$165.00 ,$0.00 ,$165.00 ,Bank Account
4,9/28/2023,$100.00 ,$3.00 ,$97.00 ,Credit Card
41,9/27/2023,$800.00 ,$24.00 ,$776.00 ,Credit Card
42,9/25/2023,$300.00 ,$0.00 ,$300.00 ,Mailed Payment
43,9/21/2023,$300.00 ,$9.00 ,$291.00 ,Credit Card
44,9/19/2023,$300.00 ,$9.00 ,$291.00 ,Credit Card
5,9/19/2023,$160.00 ,$4.80 ,$155.20 ,Credit Card
45,9/19/2023,$700.00 ,$21.00 ,$679.00 ,Credit Card
46,9/18/2023,$800.00 ,$24.00 ,$776.00 ,Credit Card
47,9/17/2023,$700.00 ,$0.00 ,$700.00 ,Cash (offline)
48,9/17/2023,$300.00 ,$9.00 ,$291.00 ,Credit Card
9,9/17/2023,$320.00 ,$0.00 ,$320.00 ,Bank Account
49,9/15/2023,$500.00 ,$0.00 ,$500.00 ,Bank Account
50,9/15/2023,$500.00 ,$15.00 ,$485.00 ,Credit Card
51,9/15/2023,$800.00 ,$0.00 ,$800.00 ,Bank Account
52,9/13/2023,$800.00 ,$0.00 ,$800.00 ,Bank Account
53,9/13/2023,"$1,650.00 ",$49.50 ,"$1,600.50 ",Credit Card
54,9/12/2023,$250.00 ,$7.50 ,$242.50 ,Credit Card
9,8/31/2023,$180.00 ,$0.00 ,$180.00 ,Bank Account
55,8/31/2023,$50.00 ,$0.00 ,$50.00 ,Mailed Payment
56,8/30/2023,$650.00 ,$19.50 ,$630.50 ,Credit Card
57,8/30/2023,$650.00 ,$19.50 ,$630.50 ,Credit Card
58,8/30/2023,$300.00 ,$9.00 ,$291.00 ,Credit Card
11,8/30/2023,$165.00 ,$0.00 ,$165.00 ,Bank Account
59,8/30/2023,$650.00 ,$19.50 ,$630.50 ,Credit Card
60,8/28/2023,$425.00 ,$0.00 ,$425.00 ,Cash (offline)
61,8/23/2023,$650.00 ,$19.50 ,$630.50 ,Credit Card
62,8/22/2023,$250.00 ,$7.50 ,$242.50 ,Credit Card
63,8/22/2023,$450.00 ,$13.50 ,$436.50 ,Credit Card
32,8/21/2023,$950.00 ,$28.50 ,$921.50 ,Credit Card
64,8/18/2023,$439.00 ,$13.17 ,$425.83 ,Credit Card
65,8/17/2023,$650.00 ,$19.50 ,$630.50 ,Credit Card
66,8/15/2023,$450.00 ,$0.00 ,$450.00 ,Bank Account
67,8/15/2023,$450.00 ,$0.00 ,$450.00 ,Check (offline)
68,7/29/2023,$450.00 ,$13.50 ,$436.50 ,Credit Card
57,7/29/2023,$850.00 ,$25.50 ,$824.50 ,Credit Card
64,7/18/2023,$11.00 ,$0.00 ,$11.00 ,Mailed Payment
69,7/6/2023,$175.00 ,$0.00 ,$175.00 ,Bank Account
70,6/27/2023,"$1,300.00 ",$39.00 ,"$1,261.00 ",Credit Card
26,6/25/2023,$175.00 ,$0.00 ,$175.00 ,Check (offline)
71,6/19/2023,$11.00 ,$0.33 ,$10.67 ,Credit Card
72,6/10/2023,$11.00 ,$0.33 ,$10.67 ,Credit Card
68,6/2/2023,$166.00 ,$4.98 ,$161.02 ,Credit Card
68,6/2/2023,$100.00 ,$3.00 ,$97.00 ,Credit Card
68,5/31/2023,$200.00 ,$6.00 ,$194.00 ,Credit Card
4,5/31/2023,$175.00 ,$5.25 ,$169.75 ,Credit Card
68,5/28/2023,$100.00 ,$3.00 ,$97.00 ,Credit Card
68,5/27/2023,$300.00 ,$9.00 ,$291.00 ,Credit Card
73,5/25/2023,$11.00 ,$0.33 ,$10.67 ,Credit Card
68,5/24/2023,$100.00 ,$3.00 ,$97.00 ,Credit Card
68,5/22/2023,$100.00 ,$3.00 ,$97.00 ,Credit Card
70,5/21/2023,$575.00 ,$17.25 ,$557.75 ,Credit Card
13,5/20/2023,$11.00 ,$0.00 ,$11.00 ,Bank Account
74,5/15/2023,$336.00 ,$0.00 ,$336.00 ,Check (offline)
70,5/15/2023,$700.00 ,$21.00 ,$679.00 ,Credit Card
75,5/10/2023,$11.00 ,$0.33 ,$10.67 ,Credit Card
70,5/9/2023,$761.00 ,$22.83 ,$738.17 ,Credit Card
56,5/8/2023,$11.00 ,$0.33 ,$10.67 ,Credit Card
4,5/7/2023,$185.00 ,$5.55 ,$179.45 ,Credit Card
76,5/3/2023,"$1,611.00 ",$48.33 ,"$1,562.67 ",Credit Card
26,5/3/2023,$175.00 ,$0.00 ,$175.00 ,Check (offline)
59,5/1/2023,$212.50 ,$6.38 ,$206.12 ,Credit Card
11,5/1/2023,$151.00 ,$0.00 ,$151.00 ,Bank Account
36,4/28/2023,$11.00 ,$0.33 ,$10.67 ,Credit Card
69,4/23/2023,$75.00 ,$0.00 ,$75.00 ,Bank Account
15,4/21/2023,$11.00 ,$0.33 ,$10.67 ,Credit Card
77,4/20/2023,$11.00 ,$0.00 ,$11.00 ,Mailed Payment
49,4/17/2023,$11.00 ,$0.00 ,$11.00 ,Bank Account
69,4/10/2023,$61.00 ,$0.00 ,$61.00 ,Bank Account
8,4/10/2023,$811.00 ,$24.33 ,$786.67 ,Credit Card
61,4/10/2023,$11.00 ,$0.33 ,$10.67 ,Credit Card
62,4/10/2023,$11.00 ,$0.00 ,$11.00 ,Check (offline)
11,4/1/2023,$165.00 ,$0.00 ,$165.00 ,Bank Account
4,3/31/2023,$175.00 ,$5.25 ,$169.75 ,Credit Card
78,3/30/2023,$100.00 ,$0.00 ,$100.00 ,Mailed Payment
59,3/29/2023,$212.50 ,$6.38 ,$206.12 ,Credit Card
79,3/29/2023,$11.00 ,$0.33 ,$10.67 ,Credit Card
80,3/28/2023,$11.00 ,$0.00 ,$11.00 ,Mailed Payment
81,3/28/2023,$11.00 ,$0.00 ,$11.00 ,Mailed Payment
82,3/22/2023,$11.00 ,$0.00 ,$11.00 ,Mailed Payment
42,3/22/2023,$11.00 ,$0.00 ,$11.00 ,Mailed Payment
23,3/22/2023,$61.00 ,$0.00 ,$61.00 ,Mailed Payment
31,3/14/2023,$11.00 ,$0.00 ,$11.00 ,Bank Account
12,3/14/2023,$11.00 ,$0.33 ,$10.67 ,Credit Card
45,3/12/2023,$11.00 ,$0.33 ,$10.67 ,Credit Card
26,3/10/2023,$181.00 ,$0.00 ,$181.00 ,Check (offline)
83,3/5/2023,$11.00 ,$0.33 ,$10.67 ,Credit Card
44,3/5/2023,$11.00 ,$0.33 ,$10.67 ,Credit Card
63,3/4/2023,$11.00 ,$0.33 ,$10.67 ,Credit Card
84,3/3/2023,$11.00 ,$0.33 ,$10.67 ,Credit Card
85,3/1/2023,$11.00 ,$0.00 ,$11.00 ,Bank Account
11,3/1/2023,$165.00 ,$0.00 ,$165.00 ,Bank Account
4,2/28/2023,$175.00 ,$5.25 ,$169.75 ,Credit Card
23,2/28/2023,$465.00 ,$0.00 ,$465.00 ,Mailed Payment
55,2/28/2023,$280.00 ,$0.00 ,$280.00 ,Mailed Payment
65,2/28/2023,$11.00 ,$0.33 ,$10.67 ,Credit Card
36,2/27/2023,$950.00 ,$28.50 ,$921.50 ,Credit Card
59,2/26/2023,$212.50 ,$6.38 ,$206.12 ,Credit Card
86,2/24/2023,$75.00 ,$0.00 ,$75.00 ,Bank Account
87,2/24/2023,$55.00 ,$0.00 ,$55.00 ,Mailed Payment
78,2/23/2023,$595.00 ,$0.00 ,$595.00 ,Mailed Payment
88,2/22/2023,$237.50 ,$0.00 ,$237.50 ,Check (offline)
89,2/22/2023,$950.00 ,$0.00 ,$950.00 ,Bank Account
25,2/21/2023,$800.00 ,$24.00 ,$776.00 ,Credit Card
20,2/20/2023,"$1,725.00 ",$51.75 ,"$1,673.25 ",Credit Card
90,2/19/2023,"$1,615.00 ",$0.00 ,"$1,615.00 ",Check (offline)
26,2/16/2023,$175.00 ,$0.00 ,$175.00 ,Check (offline)
91,2/15/2023,"$1,175.00 ",$35.25 ,"$1,139.75 ",Credit Card
61,2/15/2023,$950.00 ,$28.50 ,$921.50 ,Credit Card
71,2/15/2023,"$1,600.00 ",$48.00 ,"$1,552.00 ",Credit Card
60,2/15/2023,"$1,400.00 ",$0.00 ,"$1,400.00 ",Bank Account
45,2/14/2023,$900.00 ,$27.00 ,$873.00 ,Credit Card
15,2/12/2023,$950.00 ,$28.50 ,$921.50 ,Credit Card
37,2/11/2023,$900.00 ,$27.00 ,$873.00 ,Credit Card
12,2/11/2023,$500.00 ,$15.00 ,$485.00 ,Credit Card
47,2/11/2023,$900.00 ,$27.00 ,$873.00 ,Credit Card
92,2/10/2023,$500.00 ,$15.00 ,$485.00 ,Credit Card
21,2/10/2023,$850.00 ,$0.00 ,$850.00 ,Bank Account
17,2/10/2023,$900.00 ,$0.00 ,$900.00 ,Bank Account
11,2/10/2023,$165.00 ,$0.00 ,$165.00 ,Bank Account
93,2/9/2023,$900.00 ,$0.00 ,$900.00 ,Bank Account
16,2/8/2023,$900.00 ,$27.00 ,$873.00 ,Credit Card
87,2/3/2023,$55.00 ,$0.00 ,$55.00 ,Bank Account
83,1/30/2023,$15.00 ,$0.00 ,$15.00 ,Mailed Payment
94,1/30/2023,$265.00 ,$0.00 ,$265.00 ,Bank Account
56,1/29/2023,$900.00 ,$27.00 ,$873.00 ,Credit Card
59,1/29/2023,$212.50 ,$6.38 ,$206.12 ,Credit Card
48,1/27/2023,$500.00 ,$15.00 ,$485.00 ,Credit Card
2,1/25/2023,"$1,500.00 ",$0.00 ,"$1,500.00 ",Check (offline)
64,1/25/2023,$700.00 ,$21.00 ,$679.00 ,Credit Card
68,1/25/2023,$500.00 ,$0.00 ,$500.00 ,Check (offline)
88,1/25/2023,$950.00 ,$0.00 ,$950.00 ,Check (offline)
54,1/25/2023,$950.00 ,$0.00 ,$950.00 ,Check (offline)
66,1/25/2023,$700.00 ,$0.00 ,$700.00 ,Bank Account
95,1/25/2023,$450.00 ,$13.50 ,$436.50 ,Credit Card
86,1/24/2023,$325.00 ,$0.00 ,$325.00 ,Bank Account
67,1/24/2023,$700.00 ,$0.00 ,$700.00 ,Check (offline)
11,1/24/2023,$165.00 ,$0.00 ,$165.00 ,Bank Account
38,1/23/2023,$850.00 ,$25.50 ,$824.50 ,Credit Card
13,1/23/2023,"$1,500.00 ",$0.00 ,"$1,500.00 ",Bank Account
4,1/23/2023,$160.00 ,$4.80 ,$155.20 ,Credit Card
63,1/23/2023,$700.00 ,$21.00 ,$679.00 ,Credit Card
96,1/23/2023,$850.00 ,$0.00 ,$850.00 ,Check (offline)
58,1/23/2023,$450.00 ,$13.50 ,$436.50 ,Credit Card
31,1/23/2023,$450.00 ,$13.50 ,$436.50 ,Credit Card
62,1/20/2023,$450.00 ,$13.50 ,$436.50 ,Credit Card
65,1/20/2023,$850.00 ,$25.50 ,$824.50 ,Credit Card
49,1/20/2023,$700.00 ,$0.00 ,$700.00 ,Bank Account
97,1/19/2023,$850.00 ,$25.50 ,$824.50 ,Credit Card
77,1/18/2023,$850.00 ,$25.50 ,$824.50 ,Credit Card
98,1/16/2023,$200.00 ,$6.00 ,$194.00 ,Credit Card
99,1/15/2023,$200.00 ,$0.00 ,$200.00 ,Bank Account
43,1/15/2023,$450.00 ,$13.50 ,$436.50 ,Credit Card
42,1/14/2023,$450.00 ,$13.50 ,$436.50 ,Credit Card
81,1/11/2023,$200.00 ,$6.00 ,$194.00 ,Credit Card
43,1/9/2023,$30.00 ,$0.90 ,$29.10 ,Credit Card
75,1/9/2023,$15.00 ,$0.45 ,$14.55 ,Credit Card
100,1/5/2023,$15.00 ,$0.45 ,$14.55 ,Credit Card
48,1/1/2023,$15.00 ,$0.45 ,$14.55 ,Credit Card
56,12/28/2022,$125.00 ,$0.00 ,$125.00 ,Mailed Payment
101,12/26/2022,$15.00 ,$0.45 ,$14.55 ,Credit Card
64,12/22/2022,$15.00 ,$0.00 ,$15.00 ,Mailed Payment
4,12/22/2022,$150.00 ,$4.50 ,$145.50 ,Credit Card
99,12/14/2022,$30.00 ,$0.00 ,$30.00 ,Bank Account
8,12/11/2022,$15.00 ,$0.45 ,$14.55 ,Credit Card
36,12/6/2022,$900.00 ,$27.00 ,$873.00 ,Credit Card
23,12/6/2022,$100.00 ,$0.00 ,$100.00 ,Mailed Payment
4,11/22/2022,$150.00 ,$4.50 ,$145.50 ,Credit Card
56,11/16/2022,$825.00 ,$0.00 ,$825.00 ,Mailed Payment
11,11/12/2022,$305.00 ,$0.00 ,$305.00 ,Bank Account
40,11/7/2022,$225.00 ,$0.00 ,$225.00 ,Mailed Payment
23,11/3/2022,$100.00 ,$0.00 ,$100.00 ,Mailed Payment
101,11/2/2022,$100.00 ,$0.00 ,$100.00 ,Mailed Payment
11,11/1/2022,$165.00 ,$0.00 ,$165.00 ,Bank Account
17,10/26/2022,$900.00 ,$0.00 ,$900.00 ,Bank Account
42,10/26/2022,$100.00 ,$0.00 ,$100.00 ,Mailed Payment
82,10/26/2022,$900.00 ,$27.00 ,$873.00 ,Credit Card
4,10/22/2022,$150.00 ,$4.50 ,$145.50 ,Credit Card
16,10/19/2022,$900.00 ,$27.00 ,$873.00 ,Credit Card
8,10/17/2022,$800.00 ,$24.00 ,$776.00 ,Credit Card
48,10/15/2022,$565.00 ,$16.95 ,$548.05 ,Credit Card
101,10/14/2022,$700.00 ,$0.00 ,$700.00 ,Mailed Payment
102,10/11/2022,$750.00 ,$22.50 ,$727.50 ,Credit Card
47,10/11/2022,$825.00 ,$0.00 ,$825.00 ,Check (offline)
2,10/10/2022,$300.00 ,$9.00 ,$291.00 ,Credit Card
53,10/10/2022,$825.00 ,$24.75 ,$800.25 ,Credit Card
103,10/10/2022,$800.00 ,$24.00 ,$776.00 ,Credit Card
93,10/10/2022,$825.00 ,$0.00 ,$825.00 ,Check (offline)
45,10/10/2022,$825.00 ,$24.75 ,$800.25 ,Credit Card
96,10/10/2022,$825.00 ,$0.00 ,$825.00 ,Check (offline)
15,10/10/2022,$825.00 ,$24.75 ,$800.25 ,Credit Card
97,10/9/2022,$825.00 ,$24.75 ,$800.25 ,Credit Card
38,10/9/2022,$825.00 ,$24.75 ,$800.25 ,Credit Card
61,10/9/2022,$825.00 ,$24.75 ,$800.25 ,Credit Card
65,10/9/2022,$825.00 ,$24.75 ,$800.25 ,Credit Card
72,10/9/2022,$15.00 ,$0.45 ,$14.55 ,Credit Card
104,10/7/2022,$825.00 ,$0.00 ,$825.00 ,Bank Account
105,10/7/2022,$900.00 ,$0.00 ,$900.00 ,Check (offline)
89,10/7/2022,$825.00 ,$0.00 ,$825.00 ,Bank Account
21,10/6/2022,$700.00 ,$21.00 ,$679.00 ,Credit Card
100,10/3/2022,$15.00 ,$0.45 ,$14.55 ,Credit Card
11,10/1/2022,$165.00 ,$0.00 ,$165.00 ,Bank Account
37,9/30/2022,$825.00 ,$24.75 ,$800.25 ,Credit Card
87,9/27/2022,$225.00 ,$0.00 ,$225.00 ,Mailed Payment
77,9/27/2022,$825.00 ,$24.75 ,$800.25 ,Credit Card
106,9/26/2022,$150.00 ,$0.00 ,$150.00 ,Check (offline)
107,9/23/2022,$250.00 ,$0.00 ,$250.00 ,Check (offline)
23,9/23/2022,$400.00 ,$0.00 ,$400.00 ,Mailed Payment
42,9/23/2022,$450.00 ,$0.00 ,$450.00 ,Mailed Payment
94,9/22/2022,$275.00 ,$0.00 ,$275.00 ,Bank Account
87,9/22/2022,$275.00 ,$0.00 ,$275.00 ,Bank Account
75,9/21/2022,$275.00 ,$8.25 ,$266.75 ,Credit Card
43,9/20/2022,$500.00 ,$0.00 ,$500.00 ,Check (offline)
83,9/20/2022,$225.00 ,$6.75 ,$218.25 ,Credit Card
4,9/20/2022,$150.00 ,$4.50 ,$145.50 ,Credit Card
55,9/16/2022,$275.00 ,$8.25 ,$266.75 ,Credit Card
108,9/16/2022,$275.00 ,$8.25 ,$266.75 ,Credit Card
25,9/14/2022,$750.00 ,$22.50 ,$727.50 ,Credit Card
31,9/13/2022,$500.00 ,$15.00 ,$485.00 ,Credit Card
26,9/7/2022,$700.00 ,$0.00 ,$700.00 ,Check (offline)
80,9/2/2022,$700.00 ,$0.00 ,$700.00 ,Check (offline)
109,9/2/2022,$450.00 ,$13.50 ,$436.50 ,Credit Card
64,9/2/2022,$700.00 ,$21.00 ,$679.00 ,Credit Card
73,9/1/2022,$700.00 ,$21.00 ,$679.00 ,Credit Card
100,9/1/2022,$225.00 ,$6.75 ,$218.25 ,Credit Card
110,9/1/2022,$850.00 ,$25.50 ,$824.50 ,Credit Card
11,9/1/2022,$165.00 ,$0.00 ,$165.00 ,Bank Account
98,9/1/2022,$225.00 ,$6.75 ,$218.25 ,Credit Card
58,8/31/2022,$450.00 ,$13.50 ,$436.50 ,Credit Card
67,8/31/2022,$700.00 ,$0.00 ,$700.00 ,Check (offline)
63,8/31/2022,$700.00 ,$21.00 ,$679.00 ,Credit Card
92,8/31/2022,$450.00 ,$13.50 ,$436.50 ,Credit Card
49,8/31/2022,$700.00 ,$0.00 ,$700.00 ,Bank Account
85,8/30/2022,$225.00 ,$0.00 ,$225.00 ,Bank Account
111,8/29/2022,$450.00 ,$0.00 ,$450.00 ,Bank Account
62,8/26/2022,$450.00 ,$0.00 ,$450.00 ,Check (offline)
66,8/24/2022,$700.00 ,$0.00 ,$700.00 ,Bank Account
112,8/24/2022,$490.00 ,$0.00 ,$490.00 ,Bank Account
42,8/24/2022,$750.00 ,$0.00 ,$750.00 ,Mailed Payment
99,8/24/2022,$225.00 ,$0.00 ,$225.00 ,Bank Account
81,8/24/2022,$225.00 ,$6.75 ,$218.25 ,Credit Card
71,8/16/2022,$950.00 ,$28.50 ,$921.50 ,Credit Card
68,8/6/2022,$150.00 ,$0.00 ,$150.00 ,Check (offline)
113,8/2/2022,$500.00 ,$0.00 ,$500.00 ,Check (offline)
114,8/1/2022,$950.00 ,$0.00 ,$950.00 ,Check (offline)
115,8/1/2022,$950.00 ,$0.00 ,$950.00 ,Check (offline)
74,8/1/2022,$300.00 ,$0.00 ,$300.00 ,Check (offline)
116,8/1/2022,"$1,000.00 ",$0.00 ,"$1,000.00 ",Check (offline)
21,8/1/2022,$150.00 ,$4.50 ,$145.50 ,Credit Card
117,7/31/2022,$365.00 ,$10.95 ,$354.05 ,Credit Card
118,7/31/2022,$500.00 ,$0.00 ,$500.00 ,Check (offline)
119,7/31/2022,$450.00 ,$0.00 ,$450.00 ,Check (offline)
75,7/31/2022,$550.00 ,$16.50 ,$533.50 ,Credit Card
107,7/31/2022,$650.00 ,$0.00 ,$650.00 ,Check (offline)
112,7/31/2022,$490.00 ,$14.70 ,$475.30 ,Credit Card
86,7/31/2022,$245.00 ,$0.00 ,$245.00 ,Bank Account
50,7/30/2022,$800.00 ,$0.00 ,$800.00 ,Check (offline)
90,7/29/2022,"$1,100.00 ",$0.00 ,"$1,100.00 ",Check (offline)
120,7/29/2022,$775.00 ,$23.25 ,$751.75 ,Credit Card
121,7/29/2022,"$1,100.00 ",$0.00 ,"$1,100.00 ",Check (offline)
101,7/28/2022,$150.00 ,$4.50 ,$145.50 ,Credit Card
122,7/28/2022,"$1,550.00 ",$0.00 ,"$1,550.00 ",Check (offline)
110,7/28/2022,$20.00 ,$0.00 ,$20.00 ,Check (offline)
66,7/27/2022,$150.00 ,$0.00 ,$150.00 ,Bank Account
123,7/27/2022,$15.00 ,$0.45 ,$14.55 ,Credit Card
62,7/26/2022,$150.00 ,$0.00 ,$150.00 ,Check (offline)
67,7/26/2022,$150.00 ,$0.00 ,$150.00 ,Check (offline)
124,7/26/2022,$750.00 ,$0.00 ,$750.00 ,Check (offline)
4,7/26/2022,$150.00 ,$4.50 ,$145.50 ,Credit Card
13,7/18/2022,$150.00 ,$0.00 ,$150.00 ,Bank Account
120,7/18/2022,$175.00 ,$5.25 ,$169.75 ,Credit Card
105,7/16/2022,"$1,000.00 ",$0.00 ,"$1,000.00 ",Check (offline)
120,7/6/2022,$150.00 ,$4.50 ,$145.50 ,Credit Card
63,7/6/2022,$150.00 ,$4.50 ,$145.50 ,Credit Card
60,6/15/2022,$675.00 ,$0.00 ,$675.00 ,Mailed Payment
25,6/15/2022,$150.00 ,$4.35 ,$145.65 ,Credit Card
73,6/12/2022,$150.00 ,$4.35 ,$145.65 ,Credit Card
4,6/10/2022,$180.00 ,$5.22 ,$174.78 ,Credit Card
8,5/30/2022,$15.00 ,$0.44 ,$14.56 ,Credit Card
103,5/11/2022,$150.00 ,$0.00 ,$150.00 ,Mailed Payment
4,5/11/2022,$180.00 ,$5.22 ,$174.78 ,Credit Card
102,5/6/2022,$900.00 ,$26.10 ,$873.90 ,Credit Card
72,5/2/2022,$15.00 ,$0.44 ,$14.56 ,Credit Card
68,4/22/2022,$165.00 ,$0.00 ,$165.00 ,Check (offline)
49,4/19/2022,$150.00 ,$0.00 ,$150.00 ,Mailed Payment
68,4/15/2022,$330.00 ,$0.00 ,$330.00 ,Check (offline)
125,4/13/2022,$825.00 ,$0.00 ,$825.00 ,Mailed Payment
126,4/13/2022,$900.00 ,$26.10 ,$873.90 ,Credit Card
60,4/11/2022,$225.00 ,$0.00 ,$225.00 ,Check (offline)
4,4/11/2022,$180.00 ,$5.22 ,$174.78 ,Credit Card
127,4/4/2022,$300.00 ,$8.70 ,$291.30 ,Credit Card
128,4/2/2022,$184.00 ,$0.00 ,$184.00 ,Check (offline)
112,4/1/2022,$490.00 ,$14.21 ,$475.79 ,Credit Card
107,4/1/2022,$200.00 ,$0.00 ,$200.00 ,Check (offline)
129,4/1/2022,$750.00 ,$0.00 ,$750.00 ,Bank Account
130,3/31/2022,$700.00 ,$0.00 ,$700.00 ,Check (offline)
131,3/31/2022,$550.00 ,$15.95 ,$534.05 ,Credit Card
75,3/31/2022,$550.00 ,$15.95 ,$534.05 ,Credit Card
55,3/31/2022,"$1,100.00 ",$31.90 ,"$1,068.10 ",Credit Card
117,3/31/2022,$175.00 ,$5.08 ,$169.92 ,Credit Card
75,3/30/2022,$750.00 ,$21.75 ,$728.25 ,Credit Card
68,3/30/2022,$165.00 ,$0.00 ,$165.00 ,Check (offline)
132,3/30/2022,$20.00 ,$0.58 ,$19.42 ,Credit Card
64,3/30/2022,$150.00 ,$0.00 ,$150.00 ,Mailed Payment
80,3/29/2022,$150.00 ,$0.00 ,$150.00 ,Mailed Payment
78,3/29/2022,"$1,100.00 ",$0.00 ,"$1,100.00 ",Mailed Payment
86,3/28/2022,$112.50 ,$0.00 ,$112.50 ,Bank Account
8,3/26/2022,$150.00 ,$4.35 ,$145.65 ,Credit Card
133,3/25/2022,$180.00 ,$0.00 ,$180.00 ,Check (offline)
75,3/24/2022,$100.00 ,$2.90 ,$97.10 ,Credit Card
106,3/23/2022,$950.00 ,$0.00 ,$950.00 ,Check (offline)
84,3/10/2022,$150.00 ,$4.35 ,$145.65 ,Credit Card
4,3/10/2022,$180.00 ,$5.22 ,$174.78 ,Credit Card
21,3/9/2022,$900.00 ,$0.00 ,$900.00 ,Mailed Payment
78,3/9/2022,$900.00 ,$0.00 ,$900.00 ,Mailed Payment
23,3/9/2022,$600.00 ,$0.00 ,$600.00 ,Mailed Payment
134,3/9/2022,$250.00 ,$0.00 ,$250.00 ,Mailed Payment
135,3/4/2022,$300.00 ,$0.00 ,$300.00 ,Check (offline)
86,2/28/2022,$112.50 ,$0.00 ,$112.50 ,Bank Account
103,2/23/2022,$660.00 ,$19.14 ,$640.86 ,Credit Card
73,2/21/2022,$900.00 ,$26.10 ,$873.90 ,Credit Card
136,2/17/2022,$750.00 ,$21.75 ,$728.25 ,Credit Card
31,2/15/2022,$700.00 ,$20.30 ,$679.70 ,Credit Card
137,2/12/2022,$700.00 ,$20.30 ,$679.70 ,Credit Card
138,2/12/2022,$500.00 ,$14.50 ,$485.50 ,Credit Card
4,2/11/2022,$180.00 ,$5.22 ,$174.78 ,Credit Card
139,2/11/2022,$200.00 ,$0.00 ,$200.00 ,Check (offline)
110,2/11/2022,$130.00 ,$0.00 ,$130.00 ,Check (offline)
68,2/11/2022,$165.00 ,$0.00 ,$165.00 ,Check (offline)
8,2/10/2022,$900.00 ,$26.10 ,$873.90 ,Credit Card
140,2/10/2022,$450.00 ,$0.00 ,$450.00 ,Bank Account
76,2/10/2022,$900.00 ,$26.10 ,$873.90 ,Credit Card
91,2/9/2022,$550.00 ,$15.95 ,$534.05 ,Credit Card
141,2/9/2022,$250.00 ,$0.00 ,$250.00 ,Bank Account
67,2/5/2022,$105.00 ,$0.00 ,$105.00 ,Check (offline)
48,2/4/2022,$700.00 ,$20.30 ,$679.70 ,Credit Card
87,2/4/2022,$450.00 ,$13.05 ,$436.95 ,Credit Card
108,2/4/2022,$500.00 ,$14.50 ,$485.50 ,Credit Card
110,2/3/2022,$140.00 ,$0.00 ,$140.00 ,Check (offline)
100,2/3/2022,$500.00 ,$0.00 ,$500.00 ,Check (offline)
142,2/1/2022,$140.00 ,$4.06 ,$135.94 ,Credit Card
86,1/30/2022,$100.00 ,$0.00 ,$100.00 ,Bank Account
103,1/26/2022,$165.00 ,$4.79 ,$160.21 ,Credit Card
117,1/25/2022,$380.00 ,$11.02 ,$368.98 ,Credit Card
25,1/25/2022,$900.00 ,$26.10 ,$873.90 ,Credit Card
64,1/25/2022,$900.00 ,$26.10 ,$873.90 ,Credit Card
11,1/24/2022,$825.00 ,$0.00 ,$825.00 ,Bank Account
109,1/24/2022,$600.00 ,$0.00 ,$600.00 ,Check (offline)
143,1/24/2022,$200.00 ,$5.80 ,$194.20 ,Credit Card
79,1/24/2022,$450.00 ,$13.05 ,$436.95 ,Credit Card
80,1/24/2022,$825.00 ,$23.93 ,$801.07 ,Credit Card
94,1/24/2022,$450.00 ,$0.00 ,$450.00 ,Bank Account
66,1/23/2022,$825.00 ,$23.93 ,$801.07 ,Credit Card
144,1/23/2022,$200.00 ,$5.80 ,$194.20 ,Credit Card
83,1/23/2022,$200.00 ,$5.80 ,$194.20 ,Credit Card
63,1/23/2022,$825.00 ,$23.93 ,$801.07 ,Credit Card
67,1/23/2022,$720.00 ,$0.00 ,$720.00 ,Check (offline)
26,1/23/2022,$825.00 ,$0.00 ,$825.00 ,Check (offline)
62,1/23/2022,$825.00 ,$0.00 ,$825.00 ,Check (offline)
13,1/23/2022,$825.00 ,$23.93 ,$801.07 ,Credit Card
92,1/23/2022,$650.00 ,$18.85 ,$631.15 ,Credit Card
145,1/22/2022,$200.00 ,$0.00 ,$200.00 ,Bank Account
111,1/22/2022,$650.00 ,$18.85 ,$631.15 ,Credit Card
146,1/21/2022,$150.00 ,$0.00 ,$150.00 ,Bank Account
147,1/21/2022,$200.00 ,$0.00 ,$200.00 ,Bank Account
148,1/20/2022,$300.00 ,$0.00 ,$300.00 ,Bank Account
20,1/19/2022,$25.00 ,$0.00 ,$25.00 ,Check (offline)
20,1/19/2022,$825.00 ,$0.00 ,$825.00 ,Check (offline)
149,1/19/2022,$600.00 ,$0.00 ,$600.00 ,Check (offline)
150,1/19/2022,$200.00 ,$0.00 ,$200.00 ,Check (offline)
85,1/19/2022,$450.00 ,$0.00 ,$450.00 ,Bank Account
151,1/18/2022,$200.00 ,$0.00 ,$200.00 ,Bank Account
152,1/17/2022,$200.00 ,$0.00 ,$200.00 ,Bank Account
98,1/17/2022,$450.00 ,$13.05 ,$436.95 ,Credit Card
49,1/16/2022,$825.00 ,$0.00 ,$825.00 ,Bank Account
84,1/16/2022,$825.00 ,$23.93 ,$801.07 ,Credit Card
153,1/15/2022,$100.00 ,$2.90 ,$97.10 ,Credit Card
153,1/15/2022,$100.00 ,$2.90 ,$97.10 ,Credit Card
154,1/15/2022,$200.00 ,$5.80 ,$194.20 ,Credit Card
155,1/15/2022,$200.00 ,$0.00 ,$200.00 ,Bank Account
81,1/15/2022,$450.00 ,$13.05 ,$436.95 ,Credit Card
156,1/14/2022,$200.00 ,$0.00 ,$200.00 ,Bank Account
99,1/14/2022,$450.00 ,$13.05 ,$436.95 ,Credit Card
157,1/13/2022,$200.00 ,$0.00 ,$200.00 ,Bank Account
42,1/12/2022,$650.00 ,$18.85 ,$631.15 ,Credit Card
58,1/11/2022,$650.00 ,$18.85 ,$631.15 ,Credit Card
158,1/11/2022,$200.00 ,$0.00 ,$200.00 ,Bank Account
101,1/11/2022,$825.00 ,$23.93 ,$801.07 ,Credit Card
123,1/10/2022,$450.00 ,$13.05 ,$436.95 ,Credit Card
72,1/10/2022,$450.00 ,$13.05 ,$436.95 ,Credit Card
142,1/1/2022,$140.00 ,$4.06 ,$135.94 ,Credit Card
86,1/1/2022,$100.00 ,$0.00 ,$100.00 ,Bank Account
86,12/1/2021,$100.00 ,$0.00 ,$100.00 ,Bank Account
142,11/30/2021,$140.00 ,$4.06 ,$135.94 ,Credit Card
129,11/29/2021,$720.00 ,$0.00 ,$720.00 ,Bank Account
95,11/24/2021,$720.00 ,$20.88 ,$699.12 ,Credit Card
31,11/23/2021,$550.00 ,$15.95 ,$534.05 ,Credit Card
115,11/15/2021,$825.00 ,$0.00 ,$825.00 ,Mailed Payment
114,11/12/2021,$825.00 ,$0.00 ,$825.00 ,Mailed Payment
23,11/5/2021,$50.00 ,$0.00 ,$50.00 ,Mailed Payment
117,11/5/2021,$190.00 ,$5.51 ,$184.49 ,Credit Card
86,11/2/2021,$110.00 ,$0.00 ,$110.00 ,Bank Account
50,11/1/2021,$180.00 ,$5.22 ,$174.78 ,Credit Card
4,11/1/2021,$900.00 ,$26.10 ,$873.90 ,Credit Card
106,11/1/2021,$900.00 ,$0.00 ,$900.00 ,Check (offline)
142,10/31/2021,$140.00 ,$4.06 ,$135.94 ,Credit Card
73,10/28/2021,$900.00 ,$26.10 ,$873.90 ,Credit Card
21,10/27/2021,$825.00 ,$0.00 ,$825.00 ,Mailed Payment
87,10/27/2021,$600.00 ,$0.00 ,$600.00 ,Mailed Payment
159,10/22/2021,$50.00 ,$0.00 ,$50.00 ,Cash (offline)
159,10/22/2021,$275.00 ,$0.00 ,$275.00 ,Cash (offline)
159,10/22/2021,$475.00 ,$0.00 ,$475.00 ,Check (offline)
8,10/21/2021,$900.00 ,$26.10 ,$873.90 ,Credit Card
160,10/19/2021,$825.00 ,$0.00 ,$825.00 ,Mailed Payment
161,10/18/2021,$330.00 ,$0.00 ,$330.00 ,Check (offline)
74,10/17/2021,"$4,500.00 ",$0.00 ,"$4,500.00 ",Check (offline)
120,10/11/2021,$900.00 ,$26.10 ,$873.90 ,Credit Card
76,10/4/2021,$825.00 ,$23.93 ,$801.07 ,Credit Card
11,10/4/2021,$825.00 ,$23.93 ,$801.07 ,Credit Card
25,10/4/2021,$825.00 ,$23.93 ,$801.07 ,Credit Card
67,10/3/2021,$825.00 ,$0.00 ,$825.00 ,Check (offline)
62,10/3/2021,$825.00 ,$0.00 ,$825.00 ,Check (offline)
121,10/3/2021,$825.00 ,$0.00 ,$825.00 ,Check (offline)
160,10/3/2021,$825.00 ,$0.00 ,$825.00 ,Check (offline)
49,10/3/2021,$825.00 ,$0.00 ,$825.00 ,Bank Account
66,10/3/2021,$825.00 ,$23.93 ,$801.07 ,Credit Card
84,10/2/2021,$825.00 ,$23.93 ,$801.07 ,Credit Card
142,10/1/2021,$140.00 ,$4.06 ,$135.94 ,Credit Card
50,10/1/2021,$180.00 ,$5.22 ,$174.78 ,Credit Card
117,10/1/2021,$180.00 ,$5.22 ,$174.78 ,Credit Card
86,10/1/2021,$100.00 ,$0.00 ,$100.00 ,Bank Account
68,10/1/2021,$825.00 ,$23.93 ,$801.07 ,Credit Card
64,9/29/2021,$825.00 ,$23.93 ,$801.07 ,Credit Card
23,9/29/2021,$600.00 ,$0.00 ,$600.00 ,Mailed Payment
78,9/28/2021,$825.00 ,$0.00 ,$825.00 ,Check (offline)
63,9/28/2021,$825.00 ,$23.93 ,$801.07 ,Credit Card
13,9/28/2021,$825.00 ,$23.93 ,$801.07 ,Credit Card
101,9/28/2021,$825.00 ,$23.93 ,$801.07 ,Credit Card
116,9/27/2021,$600.00 ,$0.00 ,$600.00 ,Check (offline)
103,9/26/2021,$825.00 ,$23.93 ,$801.07 ,Credit Card
80,9/25/2021,$825.00 ,$23.93 ,$801.07 ,Credit Card
20,9/24/2021,$825.00 ,$0.00 ,$825.00 ,Check (offline)
123,9/23/2021,$500.00 ,$14.50 ,$485.50 ,Credit Card
162,9/23/2021,$700.00 ,$20.30 ,$679.70 ,Credit Card
109,9/23/2021,$600.00 ,$17.40 ,$582.60 ,Credit Card
26,9/22/2021,$825.00 ,$0.00 ,$825.00 ,Check (offline)
129,9/22/2021,$700.00 ,$20.30 ,$679.70 ,Credit Card
108,9/22/2021,$450.00 ,$13.05 ,$436.95 ,Credit Card
148,9/21/2021,$400.00 ,$0.00 ,$400.00 ,Bank Account
134,9/21/2021,$250.00 ,$0.00 ,$250.00 ,Mailed Payment
90,9/21/2021,$825.00 ,$23.93 ,$801.07 ,Credit Card
136,9/20/2021,$650.00 ,$18.85 ,$631.15 ,Credit Card
159,9/20/2021,$275.00 ,$0.00 ,$275.00 ,Check (offline)
107,9/17/2021,$137.50 ,$3.99 ,$133.51 ,Credit Card
152,9/17/2021,$250.00 ,$0.00 ,$250.00 ,Bank Account
140,9/13/2021,$400.00 ,$0.00 ,$400.00 ,Bank Account
31,9/13/2021,$600.00 ,$17.40 ,$582.60 ,Credit Card
122,9/12/2021,$50.00 ,$1.45 ,$48.55 ,Credit Card
122,9/3/2021,$50.00 ,$1.45 ,$48.55 ,Credit Card
156,8/30/2021,$50.00 ,$0.00 ,$50.00 ,Bank Account
12,8/30/2021,$650.00 ,$18.85 ,$631.15 ,Credit Card
44,8/30/2021,$650.00 ,$18.85 ,$631.15 ,Credit Card
141,8/30/2021,$200.00 ,$0.00 ,$200.00 ,Bank Account
163,8/30/2021,$200.00 ,$5.80 ,$194.20 ,Credit Card
164,8/30/2021,$650.00 ,$0.00 ,$650.00 ,Check (offline)
154,8/30/2021,$200.00 ,$5.80 ,$194.20 ,Credit Card
79,8/30/2021,$450.00 ,$13.05 ,$436.95 ,Credit Card
128,8/30/2021,$50.00 ,$0.00 ,$50.00 ,Check (offline)
165,8/30/2021,$550.00 ,$0.00 ,$550.00 ,Check (offline)
128,8/30/2021,$400.00 ,$0.00 ,$400.00 ,Check (offline)
111,8/30/2021,$650.00 ,$18.85 ,$631.15 ,Credit Card
43,8/29/2021,$650.00 ,$0.00 ,$650.00 ,Check (offline)
166,8/29/2021,$650.00 ,$0.00 ,$650.00 ,Check (offline)
130,8/29/2021,$550.00 ,$0.00 ,$550.00 ,Check (offline)
94,8/29/2021,$450.00 ,$0.00 ,$450.00 ,Bank Account
100,8/29/2021,$450.00 ,$13.05 ,$436.95 ,Credit Card
124,8/29/2021,"$1,550.00 ",$44.95 ,"$1,505.05 ",Credit Card
167,8/29/2021,$350.00 ,$0.00 ,$350.00 ,Check (offline)
153,8/29/2021,$450.00 ,$13.05 ,$436.95 ,Credit Card
146,8/29/2021,$150.00 ,$0.00 ,$150.00 ,Bank Account
144,8/28/2021,$200.00 ,$5.80 ,$194.20 ,Credit Card
145,8/28/2021,$200.00 ,$0.00 ,$200.00 ,Bank Account
99,8/28/2021,$450.00 ,$13.05 ,$436.95 ,Credit Card
132,8/27/2021,$100.00 ,$0.00 ,$100.00 ,Bank Account
131,8/27/2021,$450.00 ,$0.00 ,$450.00 ,Bank Account
168,8/26/2021,$200.00 ,$5.80 ,$194.20 ,Credit Card
155,8/26/2021,$200.00 ,$0.00 ,$200.00 ,Bank Account
107,8/26/2021,$137.50 ,$3.99 ,$133.51 ,Credit Card
92,8/26/2021,$650.00 ,$18.85 ,$631.15 ,Credit Card
150,8/26/2021,$200.00 ,$0.00 ,$200.00 ,Check (offline)
139,8/26/2021,$200.00 ,$0.00 ,$200.00 ,Check (offline)
48,8/26/2021,"$1,550.00 ",$44.95 ,"$1,505.05 ",Credit Card
149,8/25/2021,$550.00 ,$0.00 ,$550.00 ,Check (offline)
158,8/25/2021,$200.00 ,$0.00 ,$200.00 ,Bank Account
147,8/25/2021,$200.00 ,$0.00 ,$200.00 ,Bank Account
42,8/25/2021,$650.00 ,$18.85 ,$631.15 ,Credit Card
169,8/24/2021,$950.00 ,$27.55 ,$922.45 ,Credit Card
137,8/24/2021,$550.00 ,$15.95 ,$534.05 ,Credit Card
85,8/24/2021,$450.00 ,$0.00 ,$450.00 ,Bank Account
98,8/24/2021,$450.00 ,$13.05 ,$436.95 ,Credit Card
151,8/24/2021,$200.00 ,$0.00 ,$200.00 ,Bank Account
138,8/24/2021,$350.00 ,$10.15 ,$339.85 ,Credit Card
143,8/23/2021,$100.00 ,$2.90 ,$97.10 ,Credit Card
58,8/23/2021,$650.00 ,$18.85 ,$631.15 ,Credit Card
127,8/23/2021,$200.00 ,$5.80 ,$194.20 ,Credit Card
81,8/23/2021,$450.00 ,$13.05 ,$436.95 ,Credit Card
72,8/23/2021,$450.00 ,$13.05 ,$436.95 ,Credit Card
157,8/23/2021,$100.00 ,$0.00 ,$100.00 ,Bank Account
110,8/23/2021,$650.00 ,$18.85 ,$631.15 ,Credit Card
55,8/20/2021,"$1,500.00 ",$43.50 ,"$1,456.50 ",Credit Card
170,8/20/2021,$50.00 ,$0.00 ,$50.00 ,Bank Account
113,8/19/2021,$700.00 ,$20.30 ,$679.70 ,Credit Card
142,8/18/2021,$950.00 ,$27.55 ,$922.45 ,Credit Card
91,7/21/2021,"$1,500.00 ",$43.50 ,"$1,456.50 ",Credit Card
170,7/7/2021,$50.00 ,$0.00 ,$50.00 ,Bank Account
40,6/23/2021,$750.00 ,$0.00 ,$750.00 ,Mailed Payment
171,6/17/2021,$250.00 ,$0.00 ,$250.00 ,Check (offline)
172,6/10/2021,"$2,650.00 ",$0.00 ,"$2,650.00 ",Check (offline)
146,6/10/2021,$250.00 ,$0.00 ,$250.00 ,Check (offline)
173,6/10/2021,$250.00 ,$0.00 ,$250.00 ,Check (offline)
170,6/4/2021,$50.00 ,$0.00 ,$50.00 ,Bank Account
146,6/1/2021,$150.00 ,$0.00 ,$150.00 ,Bank Account
69,5/12/2021,$750.00 ,$0.00 ,$750.00 ,Check (offline)
174,5/12/2021,$750.00 ,$0.00 ,$750.00 ,Cash (offline)
170,5/7/2021,$50.00 ,$0.00 ,$50.00 ,Bank Account
146,5/7/2021,$150.00 ,$0.00 ,$150.00 ,Bank Account
87,5/3/2021,$50.00 ,$0.00 ,$50.00 ,Mailed Payment
175,5/3/2021,$250.00 ,$7.25 ,$242.75 ,Credit Card
136,4/17/2021,$950.00 ,$0.00 ,$950.00 ,Bank Account
176,4/15/2021,$250.00 ,$7.25 ,$242.75 ,Credit Card
170,4/7/2021,$50.00 ,$0.00 ,$50.00 ,Bank Account
175,3/22/2021,$550.00 ,$15.95 ,$534.05 ,Credit Card
152,3/19/2021,$550.00 ,$0.00 ,$550.00 ,Bank Account
177,3/19/2021,$250.00 ,$0.00 ,$250.00 ,Bank Account
178,3/18/2021,$950.00 ,$27.55 ,$922.45 ,Credit Card
179,3/18/2021,$250.00 ,$0.00 ,$250.00 ,Mailed Payment
74,3/17/2021,$700.00 ,$0.00 ,$700.00 ,Mailed Payment
87,3/17/2021,$700.00 ,$0.00 ,$700.00 ,Mailed Payment
166,3/12/2021,$550.00 ,$15.95 ,$534.05 ,Credit Card
83,3/11/2021,$700.00 ,$0.00 ,$700.00 ,Mailed Payment
180,3/9/2021,$250.00 ,$0.00 ,$250.00 ,Bank Account
170,3/5/2021,$50.00 ,$0.00 ,$50.00 ,Bank Account
181,2/28/2021,$500.00 ,$14.50 ,$485.50 ,Credit Card
167,2/28/2021,$700.00 ,$20.30 ,$679.70 ,Credit Card
182,2/28/2021,$700.00 ,$0.00 ,$700.00 ,Bank Account
183,2/28/2021,$700.00 ,$0.00 ,$700.00 ,Bank Account
184,2/27/2021,$200.00 ,$5.80 ,$194.20 ,Credit Card
131,2/26/2021,$700.00 ,$20.30 ,$679.70 ,Credit Card
185,2/26/2021,$800.00 ,$0.00 ,$800.00 ,Mailed Payment
140,2/26/2021,$700.00 ,$0.00 ,$700.00 ,Bank Account
186,2/21/2021,$200.00 ,$0.00 ,$200.00 ,Check (offline)
129,2/20/2021,$900.00 ,$26.10 ,$873.90 ,Credit Card
100,2/19/2021,$700.00 ,$0.00 ,$700.00 ,Mailed Payment
42,2/19/2021,$900.00 ,$0.00 ,$900.00 ,Mailed Payment
23,2/19/2021,$900.00 ,$0.00 ,$900.00 ,Mailed Payment
144,2/18/2021,$500.00 ,$14.50 ,$485.50 ,Credit Card
86,2/17/2021,$700.00 ,$20.30 ,$679.70 ,Credit Card
92,2/17/2021,$900.00 ,$26.10 ,$873.90 ,Credit Card
109,2/16/2021,$900.00 ,$26.10 ,$873.90 ,Credit Card
187,2/16/2021,$700.00 ,$20.30 ,$679.70 ,Credit Card
113,2/12/2021,$250.00 ,$0.00 ,$250.00 ,Check (offline)
188,2/12/2021,"$1,600.00 ",$0.00 ,"$1,600.00 ",Mailed Payment
143,2/10/2021,$500.00 ,$14.50 ,$485.50 ,Credit Card
98,2/9/2021,$700.00 ,$20.30 ,$679.70 ,Credit Card
31,2/8/2021,$900.00 ,$26.10 ,$873.90 ,Credit Card
189,2/6/2021,$300.00 ,$8.70 ,$291.30 ,Credit Card
83,2/5/2021,$700.00 ,$20.30 ,$679.70 ,Credit Card
190,2/5/2021,$100.00 ,$2.90 ,$97.10 ,Credit Card
190,2/5/2021,$250.00 ,$7.25 ,$242.75 ,Credit Card
191,2/5/2021,$250.00 ,$7.25 ,$242.75 ,Credit Card
159,2/5/2021,$50.00 ,$0.00 ,$50.00 ,Mailed Payment
192,2/3/2021,"$1,850.00 ",$0.00 ,"$1,850.00 ",Check (offline)
148,2/3/2021,$625.00 ,$0.00 ,$625.00 ,Bank Account
148,2/2/2021,$75.00 ,$0.00 ,$75.00 ,Check (offline)
99,2/1/2021,$100.00 ,$0.00 ,$100.00 ,Check (offline)
148,2/1/2021,$200.00 ,$0.00 ,$200.00 ,Check (offline)
193,2/1/2021,$200.00 ,$0.00 ,$200.00 ,Check (offline)
99,2/1/2021,$800.00 ,$23.20 ,$776.80 ,Credit Card
166,1/31/2021,$400.00 ,$11.60 ,$388.40 ,Credit Card
194,1/31/2021,$150.00 ,$4.35 ,$145.65 ,Credit Card
195,1/31/2021,$150.00 ,$0.00 ,$150.00 ,Bank Account
128,1/31/2021,$825.00 ,$23.93 ,$801.07 ,Credit Card
186,1/31/2021,$100.00 ,$2.90 ,$97.10 ,Credit Card
134,1/30/2021,$450.00 ,$13.05 ,$436.95 ,Credit Card
196,1/30/2021,$150.00 ,$0.00 ,$150.00 ,Bank Account
12,1/30/2021,$800.00 ,$23.20 ,$776.80 ,Credit Card
147,1/30/2021,$450.00 ,$0.00 ,$450.00 ,Bank Account
145,1/30/2021,$450.00 ,$0.00 ,$450.00 ,Bank Account
94,1/29/2021,$650.00 ,$0.00 ,$650.00 ,Bank Account
141,1/29/2021,$450.00 ,$0.00 ,$450.00 ,Bank Account
79,1/29/2021,$650.00 ,$18.85 ,$631.15 ,Credit Card
197,1/29/2021,$800.00 ,$0.00 ,$800.00 ,Bank Account
164,1/29/2021,$800.00 ,$0.00 ,$800.00 ,Bank Account
149,1/29/2021,$800.00 ,$0.00 ,$800.00 ,Bank Account
123,1/29/2021,$500.00 ,$14.50 ,$485.50 ,Credit Card
153,1/28/2021,$800.00 ,$23.20 ,$776.80 ,Credit Card
44,1/28/2021,$800.00 ,$23.20 ,$776.80 ,Credit Card
43,1/27/2021,$800.00 ,$23.20 ,$776.80 ,Credit Card
198,1/26/2021,$450.00 ,$13.05 ,$436.95 ,Credit Card
110,1/26/2021,$800.00 ,$23.20 ,$776.80 ,Credit Card
85,1/26/2021,$650.00 ,$0.00 ,$650.00 ,Bank Account
95,1/25/2021,$800.00 ,$23.20 ,$776.80 ,Credit Card
199,1/24/2021,$800.00 ,$0.00 ,$800.00 ,Bank Account
137,1/24/2021,$800.00 ,$23.20 ,$776.80 ,Credit Card
168,1/23/2021,$450.00 ,$0.00 ,$450.00 ,Bank Account
111,1/23/2021,$800.00 ,$23.20 ,$776.80 ,Credit Card
122,1/22/2021,$750.00 ,$21.75 ,$728.25 ,Credit Card
200,1/22/2021,$850.00 ,$0.00 ,$850.00 ,Bank Account
170,1/22/2021,$50.00 ,$0.00 ,$50.00 ,Bank Account
127,1/21/2021,$450.00 ,$13.05 ,$436.95 ,Credit Card
58,1/21/2021,$800.00 ,$23.20 ,$776.80 ,Credit Card
155,1/21/2021,$450.00 ,$0.00 ,$450.00 ,Bank Account
72,1/21/2021,$650.00 ,$18.85 ,$631.15 ,Credit Card
185,1/20/2021,$800.00 ,$0.00 ,$800.00 ,Mailed Payment
151,1/19/2021,$450.00 ,$0.00 ,$450.00 ,Bank Account
138,1/19/2021,$650.00 ,$18.85 ,$631.15 ,Credit Card
158,1/19/2021,$450.00 ,$0.00 ,$450.00 ,Bank Account
157,1/18/2021,$450.00 ,$0.00 ,$450.00 ,Bank Account
154,1/18/2021,$450.00 ,$13.05 ,$436.95 ,Credit Card
163,1/18/2021,$450.00 ,$13.05 ,$436.95 ,Credit Card
81,1/18/2021,$650.00 ,$18.85 ,$631.15 ,Credit Card
201,1/18/2021,$650.00 ,$18.85 ,$631.15 ,Credit Card
190,1/10/2021,$800.00 ,$23.20 ,$776.80 ,Credit Card
202,1/3/2021,$67.00 ,$0.00 ,$67.00 ,Mailed Payment
70,12/23/2020,$750.00 ,$0.00 ,$750.00 ,Mailed Payment
170,12/23/2020,$50.00 ,$0.00 ,$50.00 ,Bank Account
87,12/9/2020,$750.00 ,$0.00 ,$750.00 ,Mailed Payment
171,12/6/2020,$800.00 ,$0.00 ,$800.00 ,Check (offline)
203,12/6/2020,$185.00 ,$0.00 ,$185.00 ,Check (offline)
91,12/4/2020,$850.00 ,$0.00 ,$850.00 ,Bank Account
203,12/3/2020,$65.00 ,$1.89 ,$63.11 ,Credit Card
40,11/20/2020,$750.00 ,$0.00 ,$750.00 ,Mailed Payment
204,11/20/2020,$550.00 ,$15.95 ,$534.05 ,Credit Card
128,11/19/2020,$450.00 ,$13.05 ,$436.95 ,Credit Card
152,11/18/2020,$550.00 ,$0.00 ,$550.00 ,Bank Account
170,11/13/2020,$50.00 ,$0.00 ,$50.00 ,Bank Account
128,11/12/2020,$475.00 ,$13.78 ,$461.22 ,Credit Card
179,11/8/2020,$250.00 ,$0.00 ,$250.00 ,Mailed Payment
138,11/2/2020,$100.00 ,$2.90 ,$97.10 ,Credit Card
156,10/30/2020,$650.00 ,$0.00 ,$650.00 ,Mailed Payment
44,10/30/2020,$900.00 ,$0.00 ,$900.00 ,Mailed Payment
156,10/30/2020,$100.00 ,$0.00 ,$100.00 ,Bank Account
159,10/27/2020,$800.00 ,$0.00 ,$800.00 ,Mailed Payment
205,10/23/2020,$750.00 ,$0.00 ,$750.00 ,Mailed Payment
140,10/20/2020,$700.00 ,$0.00 ,$700.00 ,Bank Account
162,10/19/2020,$200.00 ,$5.80 ,$194.20 ,Credit Card
170,10/16/2020,$50.00 ,$0.00 ,$50.00 ,Bank Account
162,10/16/2020,$300.00 ,$8.70 ,$291.30 ,Credit Card
206,10/15/2020,$900.00 ,$26.10 ,$873.90 ,Credit Card
75,10/15/2020,$650.00 ,$0.00 ,$650.00 ,Mailed Payment
162,10/9/2020,$200.00 ,$5.80 ,$194.20 ,Credit Card
156,10/9/2020,$100.00 ,$0.00 ,$100.00 ,Bank Account
138,10/8/2020,$650.00 ,$0.00 ,$650.00 ,Mailed Payment
123,10/8/2020,$500.00 ,$0.00 ,$500.00 ,Mailed Payment
111,10/6/2020,$900.00 ,$26.10 ,$873.90 ,Credit Card
74,10/5/2020,$750.00 ,$0.00 ,$750.00 ,Bank Account
148,10/1/2020,$625.00 ,$0.00 ,$625.00 ,Bank Account
166,9/30/2020,$825.00 ,$23.93 ,$801.07 ,Credit Card
207,9/30/2020,$825.00 ,$23.93 ,$801.07 ,Credit Card
130,9/30/2020,$825.00 ,$23.93 ,$801.07 ,Credit Card
208,9/30/2020,$825.00 ,$23.93 ,$801.07 ,Credit Card
178,9/30/2020,$825.00 ,$23.93 ,$801.07 ,Credit Card
136,9/30/2020,$825.00 ,$23.93 ,$801.07 ,Credit Card
153,9/30/2020,$825.00 ,$23.93 ,$801.07 ,Credit Card
162,9/30/2020,$200.00 ,$5.80 ,$194.20 ,Credit Card
187,9/29/2020,$825.00 ,$23.93 ,$801.07 ,Credit Card
110,9/29/2020,$825.00 ,$23.93 ,$801.07 ,Credit Card
209,9/29/2020,$100.00 ,$0.00 ,$100.00 ,Mailed Payment
113,9/29/2020,$825.00 ,$23.93 ,$801.07 ,Credit Card
167,9/29/2020,$700.00 ,$20.30 ,$679.70 ,Credit Card
164,9/29/2020,$825.00 ,$23.93 ,$801.07 ,Credit Card
177,9/29/2020,$200.00 ,$0.00 ,$200.00 ,Mailed Payment
165,9/28/2020,$825.00 ,$23.93 ,$801.07 ,Credit Card
183,9/28/2020,$700.00 ,$20.30 ,$679.70 ,Credit Card
129,9/28/2020,$825.00 ,$23.93 ,$801.07 ,Credit Card
182,9/28/2020,$700.00 ,$0.00 ,$700.00 ,Bank Account
109,9/28/2020,$825.00 ,$23.93 ,$801.07 ,Credit Card
169,9/28/2020,$825.00 ,$23.93 ,$801.07 ,Credit Card
23,9/28/2020,$825.00 ,$0.00 ,$825.00 ,Bank Account
95,9/28/2020,$825.00 ,$23.93 ,$801.07 ,Credit Card
149,9/28/2020,$825.00 ,$0.00 ,$825.00 ,Bank Account
148,9/28/2020,$275.00 ,$0.00 ,$275.00 ,Check (offline)
186,9/28/2020,$700.00 ,$0.00 ,$700.00 ,Bank Account
42,9/28/2020,$825.00 ,$23.93 ,$801.07 ,Credit Card
131,9/28/2020,$700.00 ,$0.00 ,$700.00 ,Bank Account
197,9/27/2020,$825.00 ,$0.00 ,$825.00 ,Bank Account
31,9/27/2020,$825.00 ,$23.93 ,$801.07 ,Credit Card
199,9/25/2020,$825.00 ,$0.00 ,$825.00 ,Bank Account
108,9/25/2020,$700.00 ,$0.00 ,$700.00 ,Mailed Payment
108,9/25/2020,$700.00 ,$0.00 ,$700.00 ,Mailed Payment
43,9/25/2020,$825.00 ,$23.93 ,$801.07 ,Credit Card
180,9/24/2020,$200.00 ,$0.00 ,$200.00 ,Bank Account
142,9/24/2020,$825.00 ,$23.93 ,$801.07 ,Credit Card
12,9/22/2020,$825.00 ,$23.93 ,$801.07 ,Credit Card
99,9/22/2020,$825.00 ,$0.00 ,$825.00 ,Check (offline)
58,9/21/2020,$825.00 ,$23.93 ,$801.07 ,Credit Card
175,9/21/2020,$200.00 ,$5.80 ,$194.20 ,Credit Card
170,9/21/2020,$50.00 ,$0.00 ,$50.00 ,Bank Account
92,9/20/2020,$825.00 ,$23.93 ,$801.07 ,Credit Card
137,9/19/2020,$825.00 ,$23.93 ,$801.07 ,Credit Card
196,9/17/2020,$200.00 ,$0.00 ,$200.00 ,Bank Account
158,9/16/2020,$500.00 ,$0.00 ,$500.00 ,Bank Account
210,9/16/2020,$450.00 ,$0.00 ,$450.00 ,Check (offline)
94,9/15/2020,$700.00 ,$0.00 ,$700.00 ,Bank Account
156,9/13/2020,$200.00 ,$5.80 ,$194.20 ,Credit Card
141,9/10/2020,$500.00 ,$0.00 ,$500.00 ,Bank Account
209,9/9/2020,$100.00 ,$0.00 ,$100.00 ,Mailed Payment
127,9/4/2020,$500.00 ,$14.50 ,$485.50 ,Credit Card
79,9/4/2020,$600.00 ,$17.40 ,$582.60 ,Credit Card
85,9/3/2020,$650.00 ,$0.00 ,$650.00 ,Bank Account
86,9/1/2020,$650.00 ,$18.85 ,$631.15 ,Credit Card
132,9/1/2020,$450.00 ,$0.00 ,$450.00 ,Bank Account
195,9/1/2020,$150.00 ,$0.00 ,$150.00 ,Bank Account
174,9/1/2020,$650.00 ,$0.00 ,$650.00 ,Bank Account
74,9/1/2020,$850.00 ,$0.00 ,$850.00 ,Bank Account
163,9/1/2020,$450.00 ,$13.05 ,$436.95 ,Credit Card
211,9/1/2020,$450.00 ,$0.00 ,$450.00 ,Check (offline)
202,9/1/2020,$300.00 ,$8.70 ,$291.30 ,Credit Card
168,9/1/2020,$450.00 ,$13.05 ,$436.95 ,Credit Card
134,9/1/2020,$450.00 ,$13.05 ,$436.95 ,Credit Card
100,9/1/2020,$650.00 ,$18.85 ,$631.15 ,Credit Card
150,9/1/2020,$450.00 ,$0.00 ,$450.00 ,Check (offline)
139,9/1/2020,$150.00 ,$4.35 ,$145.65 ,Credit Card
98,9/1/2020,$650.00 ,$18.85 ,$631.15 ,Credit Card
181,8/31/2020,$450.00 ,$0.00 ,$450.00 ,Bank Account
193,8/31/2020,$150.00 ,$0.00 ,$150.00 ,Check (offline)
197,8/31/2020,$150.00 ,$0.00 ,$150.00 ,Check (offline)
69,8/31/2020,$650.00 ,$0.00 ,$650.00 ,Check (offline)
211,8/31/2020,$200.00 ,$0.00 ,$200.00 ,Check (offline)
139,8/31/2020,$300.00 ,$0.00 ,$300.00 ,Check (offline)
194,8/31/2020,$150.00 ,$4.35 ,$145.65 ,Credit Card
147,8/31/2020,$450.00 ,$0.00 ,$450.00 ,Bank Account
144,8/31/2020,$450.00 ,$13.05 ,$436.95 ,Credit Card
184,8/31/2020,$150.00 ,$4.35 ,$145.65 ,Credit Card
198,8/31/2020,$450.00 ,$13.05 ,$436.95 ,Credit Card
143,8/30/2020,$450.00 ,$13.05 ,$436.95 ,Credit Card
83,8/30/2020,$650.00 ,$18.85 ,$631.15 ,Credit Card
72,8/30/2020,$650.00 ,$18.85 ,$631.15 ,Credit Card
99,8/25/2020,$650.00 ,$18.85 ,$631.15 ,Credit Card
145,8/24/2020,$450.00 ,$0.00 ,$450.00 ,Bank Account
154,8/23/2020,$450.00 ,$13.05 ,$436.95 ,Credit Card
155,8/23/2020,$450.00 ,$0.00 ,$450.00 ,Bank Account
173,8/22/2020,$150.00 ,$0.00 ,$150.00 ,Bank Account
146,8/22/2020,$450.00 ,$0.00 ,$450.00 ,Bank Account
200,8/19/2020,$800.00 ,$23.20 ,$776.80 ,Credit Card
157,8/19/2020,$450.00 ,$0.00 ,$450.00 ,Bank Account
81,8/19/2020,$650.00 ,$18.85 ,$631.15 ,Credit Card
201,8/19/2020,$650.00 ,$18.85 ,$631.15 ,Credit Card
151,8/19/2020,$450.00 ,$0.00 ,$450.00 ,Bank Account
170,8/7/2020,$75.00 ,$0.00 ,$75.00 ,Bank Account
69,7/15/2020,$850.00 ,$24.65 ,$825.35 ,Credit Card
170,7/10/2020,$50.00 ,$0.00 ,$50.00 ,Bank Account
198,6/22/2020,"$1,050.00 ",$30.45 ,"$1,019.55 ",Credit Card
212,6/17/2020,$100.00 ,$0.00 ,$100.00 ,Mailed Payment
170,6/5/2020,$50.00 ,$0.00 ,$50.00 ,Bank Account
212,6/3/2020,$100.00 ,$0.00 ,$100.00 ,Mailed Payment
170,5/22/2020,$50.00 ,$0.00 ,$50.00 ,Bank Account
156,5/20/2020,$750.00 ,$0.00 ,$750.00 ,Mailed Payment
212,5/18/2020,$100.00 ,$0.00 ,$100.00 ,Mailed Payment
122,5/15/2020,$775.00 ,$22.48 ,$752.52 ,Credit Card
184,5/14/2020,$550.00 ,$15.95 ,$534.05 ,Credit Card
170,5/11/2020,$50.00 ,$0.00 ,$50.00 ,Bank Account
213,5/4/2020,$450.00 ,$13.05 ,$436.95 ,Credit Card
202,4/24/2020,$126.00 ,$3.65 ,$122.35 ,Credit Card
170,4/24/2020,$50.00 ,$0.00 ,$50.00 ,Bank Account
123,4/23/2020,$100.00 ,$0.00 ,$100.00 ,Mailed Payment
170,4/17/2020,$50.00 ,$0.00 ,$50.00 ,Bank Account
170,4/15/2020,$50.00 ,$0.00 ,$50.00 ,Bank Account
204,4/15/2020,$300.00 ,$8.70 ,$291.30 ,Credit Card
204,4/15/2020,$750.00 ,$21.75 ,$728.25 ,Credit Card
40,4/10/2020,$850.00 ,$0.00 ,$850.00 ,Mailed Payment
212,4/8/2020,$100.00 ,$0.00 ,$100.00 ,Mailed Payment
188,4/6/2020,$400.00 ,$11.60 ,$388.40 ,Credit Card
108,4/1/2020,$800.00 ,$23.20 ,$776.80 ,Credit Card
87,4/1/2020,$800.00 ,$0.00 ,$800.00 ,Mailed Payment
202,3/27/2020,$47.00 ,$1.36 ,$45.64 ,Credit Card
170,3/27/2020,$25.00 ,$0.00 ,$25.00 ,Bank Account
214,3/18/2020,$50.00 ,$0.00 ,$50.00 ,Mailed Payment
179,3/18/2020,$750.00 ,$0.00 ,$750.00 ,Mailed Payment
159,3/18/2020,$750.00 ,$0.00 ,$750.00 ,Mailed Payment
215,3/14/2020,$400.00 ,$0.00 ,$400.00 ,Bank Account
216,3/9/2020,$400.00 ,$0.00 ,$400.00 ,Check (offline)
212,3/6/2020,$50.00 ,$0.00 ,$50.00 ,Mailed Payment
217,3/5/2020,$700.00 ,$0.00 ,$700.00 ,Bank Account
123,3/5/2020,$750.00 ,$0.00 ,$750.00 ,Mailed Payment
209,3/5/2020,$750.00 ,$0.00 ,$750.00 ,Mailed Payment
218,3/4/2020,$100.00 ,$0.00 ,$100.00 ,Check (offline)
217,3/4/2020,$50.00 ,$0.00 ,$50.00 ,Check (offline)
139,3/3/2020,$700.00 ,$0.00 ,$700.00 ,Bank Account
202,3/2/2020,$300.00 ,$8.70 ,$291.30 ,Credit Card
219,3/2/2020,$400.00 ,$0.00 ,$400.00 ,Bank Account
182,2/29/2020,$800.00 ,$0.00 ,$800.00 ,Bank Account
174,2/27/2020,$750.00 ,$0.00 ,$750.00 ,Bank Account
141,2/27/2020,$650.00 ,$0.00 ,$650.00 ,Bank Account
167,2/27/2020,$750.00 ,$21.75 ,$728.25 ,Credit Card
100,2/27/2020,$750.00 ,$0.00 ,$750.00 ,Mailed Payment
158,2/25/2020,$900.00 ,$26.10 ,$873.90 ,Credit Card
176,2/24/2020,$750.00 ,$21.75 ,$728.25 ,Credit Card
202,2/24/2020,$10.00 ,$0.29 ,$9.71 ,Credit Card
202,2/24/2020,$100.00 ,$2.90 ,$97.10 ,Credit Card
220,2/24/2020,$500.00 ,$0.00 ,$500.00 ,Check (offline)
221,2/24/2020,$950.00 ,$0.00 ,$950.00 ,Bank Account
176,2/24/2020,$750.00 ,$0.00 ,$750.00 ,Paid Via Collections
222,2/24/2020,$150.00 ,$0.00 ,$150.00 ,Mailed Payment
152,2/24/2020,$650.00 ,$0.00 ,$650.00 ,Bank Account
177,2/23/2020,$500.00 ,$14.50 ,$485.50 ,Credit Card
202,2/21/2020,$100.00 ,$2.90 ,$97.10 ,Credit Card
122,2/21/2020,$50.00 ,$1.45 ,$48.55 ,Credit Card
214,2/21/2020,$200.00 ,$0.00 ,$200.00 ,Mailed Payment
157,2/20/2020,$950.00 ,$27.55 ,$922.45 ,Credit Card
144,2/19/2020,$650.00 ,$18.85 ,$631.15 ,Credit Card
203,2/19/2020,$150.00 ,$4.35 ,$145.65 ,Credit Card
94,2/19/2020,$750.00 ,$0.00 ,$750.00 ,Bank Account
193,2/18/2020,$350.00 ,$10.15 ,$339.85 ,Credit Card
127,2/18/2020,$950.00 ,$27.55 ,$922.45 ,Credit Card
222,2/18/2020,$150.00 ,$4.35 ,$145.65 ,Credit Card
147,2/18/2020,$650.00 ,$0.00 ,$650.00 ,Bank Account
195,2/18/2020,$660.00 ,$0.00 ,$660.00 ,Bank Account
194,2/18/2020,$450.00 ,$13.05 ,$436.95 ,Credit Card
134,2/18/2020,$950.00 ,$27.55 ,$922.45 ,Credit Card
175,2/18/2020,$450.00 ,$13.05 ,$436.95 ,Credit Card
83,2/18/2020,$750.00 ,$21.75 ,$728.25 ,Credit Card
154,2/17/2020,$950.00 ,$27.55 ,$922.45 ,Credit Card
168,2/17/2020,$750.00 ,$21.75 ,$728.25 ,Credit Card
196,2/16/2020,$450.00 ,$13.05 ,$436.95 ,Credit Card
163,2/15/2020,$950.00 ,$27.55 ,$922.45 ,Credit Card
202,2/14/2020,$200.00 ,$5.80 ,$194.20 ,Credit Card
223,2/14/2020,$350.00 ,$10.15 ,$339.85 ,Credit Card
201,2/14/2020,$750.00 ,$21.75 ,$728.25 ,Credit Card
224,2/13/2020,$350.00 ,$10.15 ,$339.85 ,Credit Card
225,2/11/2020,$100.00 ,$2.90 ,$97.10 ,Credit Card
218,2/10/2020,$100.00 ,$0.00 ,$100.00 ,Check (offline)
170,2/10/2020,$25.00 ,$0.00 ,$25.00 ,Bank Account
98,2/8/2020,$750.00 ,$21.75 ,$728.25 ,Credit Card
155,2/8/2020,$150.00 ,$0.00 ,$150.00 ,Bank Account
122,2/7/2020,$25.00 ,$0.73 ,$24.27 ,Credit Card
173,2/4/2020,$300.00 ,$0.00 ,$300.00 ,Bank Account
146,2/4/2020,$300.00 ,$0.00 ,$300.00 ,Bank Account
150,2/3/2020,$650.00 ,$18.85 ,$631.15 ,Credit Card
217,2/3/2020,$250.00 ,$0.00 ,$250.00 ,Cash (offline)
145,2/3/2020,$650.00 ,$0.00 ,$650.00 ,Bank Account
180,2/2/2020,$450.00 ,$0.00 ,$450.00 ,Bank Account
226,1/29/2020,$200.00 ,$5.80 ,$194.20 ,Credit Card
143,1/29/2020,$300.00 ,$8.70 ,$291.30 ,Credit Card
227,1/29/2020,$450.00 ,$0.00 ,$450.00 ,Bank Account
188,1/29/2020,$400.00 ,$0.00 ,$400.00 ,Mailed Payment
81,1/28/2020,$750.00 ,$21.75 ,$728.25 ,Credit Card
188,1/28/2020,$0.00 ,$0.00 ,$0.00 ,Mailed Payment
188,1/28/2020,$0.00 ,$0.00 ,$0.00 ,Mailed Payment
188,1/28/2020,$0.00 ,$0.00 ,$0.00 ,Mailed Payment
188,1/28/2020,$0.00 ,$0.00 ,$0.00 ,Mailed Payment
188,1/28/2020,$0.00 ,$0.00 ,$0.00 ,Mailed Payment
99,1/28/2020,$750.00 ,$21.75 ,$728.25 ,Credit Card
69,1/27/2020,$150.00 ,$4.35 ,$145.65 ,Credit Card
155,1/26/2020,$500.00 ,$0.00 ,$500.00 ,Check (offline)
222,1/26/2020,$300.00 ,$0.00 ,$300.00 ,Cash (offline)
203,1/26/2020,$600.00 ,$0.00 ,$600.00 ,Cash (offline)
225,1/26/2020,$250.00 ,$7.25 ,$242.75 ,Credit Card
228,1/24/2020,"$1,300.00 ",$37.70 ,"$1,262.30 ",Credit Card
191,1/23/2020,$300.00 ,$8.70 ,$291.30 ,Credit Card
72,1/22/2020,$750.00 ,$21.75 ,$728.25 ,Credit Card
132,1/22/2020,$350.00 ,$0.00 ,$350.00 ,Bank Account
143,1/21/2020,$650.00 ,$18.85 ,$631.15 ,Credit Card
218,1/21/2020,$100.00 ,$0.00 ,$100.00 ,Cash (offline)
197,1/21/2020,$450.00 ,$0.00 ,$450.00 ,Check (offline)
181,1/21/2020,$650.00 ,$0.00 ,$650.00 ,Check (offline)
151,1/21/2020,$750.00 ,$0.00 ,$750.00 ,Bank Account
69,1/21/2020,$350.00 ,$10.15 ,$339.85 ,Credit Card
146,1/20/2020,$650.00 ,$0.00 ,$650.00 ,Bank Account
173,1/20/2020,$450.00 ,$0.00 ,$450.00 ,Bank Account
193,1/20/2020,$100.00 ,$0.00 ,$100.00 ,Cash (offline)
205,1/14/2020,$600.00 ,$0.00 ,$600.00 ,Bank Account
229,1/13/2020,$350.00 ,$0.00 ,$350.00 ,Bank Account
213,1/5/2020,$350.00 ,$10.15 ,$339.85 ,Credit Card
209,1/5/2020,$800.00 ,$23.20 ,$776.80 ,Credit Card
205,1/5/2020,$200.00 ,$0.00 ,$200.00 ,Bank Account
172,1/3/2020,$500.00 ,$14.50 ,$485.50 ,Credit Card
170,1/3/2020,$50.00 ,$0.00 ,$50.00 ,Bank Account
185,12/31/2019,$750.00 ,$0.00 ,$750.00 ,Mailed Payment
174,12/29/2019,$800.00 ,$0.00 ,$800.00 ,Bank Account
161,12/21/2019,$800.00 ,$23.20 ,$776.80 ,Credit Card
170,12/20/2019,$50.00 ,$0.00 ,$50.00 ,Bank Account
230,12/16/2019,$600.00 ,$0.00 ,$600.00 ,Cash (offline)
218,12/12/2019,$800.00 ,$0.00 ,$800.00 ,Cash (offline)
87,12/12/2019,$800.00 ,$0.00 ,$800.00 ,Mailed Payment
100,12/11/2019,$800.00 ,$0.00 ,$800.00 ,Mailed Payment
123,12/11/2019,$800.00 ,$0.00 ,$800.00 ,Mailed Payment
231,12/9/2019,$325.00 ,$0.00 ,$325.00 ,Check (offline)
231,12/9/2019,"$1,500.00 ",$43.50 ,"$1,456.50 ",Credit Card
231,12/9/2019,"$1,050.00 ",$30.45 ,"$1,019.55 ",Credit Card
74,12/9/2019,$800.00 ,$23.20 ,$776.80 ,Credit Card
170,12/6/2019,$50.00 ,$0.00 ,$50.00 ,Bank Account
201,12/5/2019,$800.00 ,$0.00 ,$800.00 ,Cash (offline)
167,12/5/2019,$800.00 ,$0.00 ,$800.00 ,Cash (offline)
69,12/5/2019,$300.00 ,$0.00 ,$300.00 ,Cash (offline)
122,12/3/2019,$800.00 ,$23.20 ,$776.80 ,Credit Card
232,12/3/2019,$250.00 ,$0.00 ,$250.00 ,Cash (offline)
217,12/3/2019,$650.00 ,$0.00 ,$650.00 ,Bank Account
184,11/29/2019,$550.00 ,$15.95 ,$534.05 ,Credit Card
159,11/25/2019,$800.00 ,$0.00 ,$800.00 ,Mailed Payment
40,11/25/2019,$800.00 ,$0.00 ,$800.00 ,Mailed Payment
156,11/25/2019,$50.00 ,$0.00 ,$50.00 ,Mailed Payment
204,11/25/2019,$750.00 ,$21.75 ,$728.25 ,Credit Card
81,11/24/2019,$800.00 ,$23.20 ,$776.80 ,Credit Card
168,11/23/2019,$800.00 ,$0.00 ,$800.00 ,Bank Account
83,11/22/2019,$800.00 ,$23.20 ,$776.80 ,Credit Card
94,11/22/2019,$800.00 ,$0.00 ,$800.00 ,Bank Account
170,11/22/2019,$50.00 ,$0.00 ,$50.00 ,Bank Account
91,11/22/2019,$800.00 ,$23.20 ,$776.80 ,Credit Card
182,11/20/2019,$800.00 ,$0.00 ,$800.00 ,Bank Account
221,11/20/2019,$200.00 ,$0.00 ,$200.00 ,Cash (offline)
70,11/19/2019,$800.00 ,$0.00 ,$800.00 ,Mailed Payment
98,11/18/2019,$800.00 ,$23.20 ,$776.80 ,Credit Card
99,11/18/2019,$800.00 ,$23.20 ,$776.80 ,Credit Card
151,11/14/2019,$200.00 ,$0.00 ,$200.00 ,Bank Account
170,11/11/2019,$25.00 ,$0.00 ,$25.00 ,Bank Account
72,11/4/2019,$800.00 ,$23.20 ,$776.80 ,Credit Card
151,11/4/2019,$50.00 ,$0.00 ,$50.00 ,Bank Account
108,11/4/2019,$800.00 ,$23.20 ,$776.80 ,Credit Card
151,10/31/2019,$150.00 ,$0.00 ,$150.00 ,Bank Account
233,10/30/2019,$750.00 ,$0.00 ,$750.00 ,Mailed Payment
151,10/28/2019,$180.00 ,$0.00 ,$180.00 ,Bank Account
156,10/15/2019,$750.00 ,$0.00 ,$750.00 ,Mailed Payment
232,10/15/2019,$250.00 ,$0.00 ,$250.00 ,Cash (offline)
202,10/15/2019,$100.00 ,$0.00 ,$100.00 ,Cash (offline)
158,10/15/2019,$650.00 ,$0.00 ,$650.00 ,Cash (offline)
203,9/30/2019,$50.00 ,$0.00 ,$50.00 ,Cash (offline)
180,9/29/2019,$500.00 ,$0.00 ,$500.00 ,Bank Account
152,9/20/2019,$700.00 ,$0.00 ,$700.00 ,Bank Account
197,9/17/2019,$500.00 ,$0.00 ,$500.00 ,Bank Account
214,9/16/2019,$50.00 ,$0.00 ,$50.00 ,Mailed Payment
219,9/15/2019,$300.00 ,$0.00 ,$300.00 ,Bank Account
215,9/13/2019,$250.00 ,$0.00 ,$250.00 ,Bank Account
234,9/12/2019,$250.00 ,$7.25 ,$242.75 ,Credit Card
202,9/12/2019,$150.00 ,$0.00 ,$150.00 ,Cash (offline)
224,9/12/2019,$250.00 ,$7.25 ,$242.75 ,Credit Card
221,9/10/2019,$650.00 ,$0.00 ,$650.00 ,Cash (offline)
181,9/9/2019,$650.00 ,$0.00 ,$650.00 ,Bank Account
235,9/9/2019,$250.00 ,$0.00 ,$250.00 ,Check (offline)
144,9/9/2019,$650.00 ,$18.85 ,$631.15 ,Credit Card
134,9/9/2019,$700.00 ,$20.30 ,$679.70 ,Credit Card
223,9/9/2019,$250.00 ,$7.25 ,$242.75 ,Credit Card
236,9/9/2019,$450.00 ,$0.00 ,$450.00 ,Cash (offline)
163,9/9/2019,$650.00 ,$0.00 ,$650.00 ,Cash (offline)
203,9/9/2019,$150.00 ,$0.00 ,$150.00 ,Cash (offline)
214,9/9/2019,$50.00 ,$1.45 ,$48.55 ,Credit Card
222,9/9/2019,$200.00 ,$0.00 ,$200.00 ,Cash (offline)
171,9/9/2019,$400.00 ,$0.00 ,$400.00 ,Cash (offline)
210,9/9/2019,$250.00 ,$0.00 ,$250.00 ,Cash (offline)
150,9/9/2019,$650.00 ,$0.00 ,$650.00 ,Cash (offline)
193,9/9/2019,$250.00 ,$0.00 ,$250.00 ,Cash (offline)
139,9/9/2019,$650.00 ,$0.00 ,$650.00 ,Cash (offline)
237,9/9/2019,$250.00 ,$0.00 ,$250.00 ,Cash (offline)
194,9/9/2019,$450.00 ,$0.00 ,$450.00 ,Cash (offline)
127,9/9/2019,$650.00 ,$0.00 ,$650.00 ,Cash (offline)
177,9/9/2019,$450.00 ,$0.00 ,$450.00 ,Bank Account
238,9/9/2019,$700.00 ,$20.30 ,$679.70 ,Credit Card
173,9/9/2019,$450.00 ,$0.00 ,$450.00 ,Bank Account
225,9/9/2019,$250.00 ,$7.25 ,$242.75 ,Credit Card
141,9/8/2019,$700.00 ,$0.00 ,$700.00 ,Bank Account
195,9/8/2019,$450.00 ,$0.00 ,$450.00 ,Bank Account
145,9/8/2019,$650.00 ,$0.00 ,$650.00 ,Bank Account
147,9/7/2019,$650.00 ,$0.00 ,$650.00 ,Bank Account
132,9/7/2019,$650.00 ,$18.85 ,$631.15 ,Credit Card
220,9/7/2019,$650.00 ,$18.85 ,$631.15 ,Credit Card
196,9/6/2019,$450.00 ,$13.05 ,$436.95 ,Credit Card
227,9/6/2019,$700.00 ,$0.00 ,$700.00 ,Bank Account
198,9/4/2019,$650.00 ,$18.85 ,$631.15 ,Credit Card
179,9/3/2019,$450.00 ,$0.00 ,$450.00 ,Bank Account
143,9/3/2019,$500.00 ,$14.50 ,$485.50 ,Credit Card
157,9/3/2019,$650.00 ,$18.85 ,$631.15 ,Credit Card
146,9/3/2019,$650.00 ,$0.00 ,$650.00 ,Bank Account
155,9/2/2019,$200.00 ,$0.00 ,$200.00 ,Bank Account
190,9/2/2019,$650.00 ,$0.00 ,$650.00 ,Cash (offline)
239,8/28/2019,$500.00 ,$0.00 ,$500.00 ,Cash (offline)
230,8/26/2019,$700.00 ,$0.00 ,$700.00 ,Cash (offline)
240,8/19/2019,$100.00 ,$2.90 ,$97.10 ,Credit Card
240,8/19/2019,$150.00 ,$4.35 ,$145.65 ,Credit Card
241,7/31/2019,$750.00 ,$0.00 ,$750.00 ,Cash (offline)
241,7/31/2019,"$1,500.00 ",$0.00 ,"$1,500.00 ",Check (offline)
241,7/31/2019,$750.00 ,$0.00 ,$750.00 ,Cash (offline)
233,6/25/2019,$800.00 ,$0.00 ,$800.00 ,Mailed Payment
242,6/3/2019,$200.00 ,$0.00 ,$200.00 ,Mailed Payment
212,5/16/2019,$400.00 ,$0.00 ,$400.00 ,Mailed Payment
243,5/7/2019,$250.00 ,$0.00 ,$250.00 ,Mailed Payment
185,4/26/2019,$750.00 ,$0.00 ,$750.00 ,Check (offline)
204,4/25/2019,$750.00 ,$21.75 ,$728.25 ,Credit Card
156,4/25/2019,$800.00 ,$0.00 ,$800.00 ,Mailed Payment
175,4/24/2019,$650.00 ,$0.00 ,$650.00 ,Cash (offline)
244,4/22/2019,$800.00 ,$23.20 ,$776.80 ,Credit Card
212,4/15/2019,$200.00 ,$0.00 ,$200.00 ,Mailed Payment
184,4/14/2019,$650.00 ,$18.85 ,$631.15 ,Credit Card
134,4/12/2019,$800.00 ,$23.20 ,$776.80 ,Credit Card
245,4/12/2019,$150.00 ,$0.00 ,$150.00 ,Mailed Payment
246,4/12/2019,$800.00 ,$23.20 ,$776.80 ,Credit Card
143,4/11/2019,$800.00 ,$23.20 ,$776.80 ,Credit Card
141,4/9/2019,$800.00 ,$23.20 ,$776.80 ,Credit Card
238,4/8/2019,$800.00 ,$23.20 ,$776.80 ,Credit Card
227,4/3/2019,$800.00 ,$0.00 ,$800.00 ,Bank Account
242,4/2/2019,$250.00 ,$0.00 ,$250.00 ,Cash (offline)
212,3/25/2019,$200.00 ,$0.00 ,$200.00 ,Mailed Payment
203,3/19/2019,$200.00 ,$0.00 ,$200.00 ,Cash (offline)
191,3/18/2019,$600.00 ,$0.00 ,$600.00 ,Mailed Payment
132,3/18/2019,$750.00 ,$21.75 ,$728.25 ,Credit Card
198,3/7/2019,$750.00 ,$21.75 ,$728.25 ,Credit Card
180,2/27/2019,$650.00 ,$0.00 ,$650.00 ,Bank Account
213,2/27/2019,$450.00 ,$13.05 ,$436.95 ,Credit Card
237,2/26/2019,$400.00 ,$0.00 ,$400.00 ,Cash (offline)
171,2/26/2019,$300.00 ,$0.00 ,$300.00 ,Cash (offline)
247,2/25/2019,$150.00 ,$0.00 ,$150.00 ,Mailed Payment
214,2/20/2019,$200.00 ,$0.00 ,$200.00 ,Mailed Payment
221,2/20/2019,$600.00 ,$0.00 ,$600.00 ,Cash (offline)
217,2/19/2019,$35.00 ,$0.00 ,$35.00 ,Cash (offline)
248,2/19/2019,$150.00 ,$0.00 ,$150.00 ,Cash (offline)
191,2/19/2019,$600.00 ,$0.00 ,$600.00 ,Cash (offline)
163,2/17/2019,$700.00 ,$0.00 ,$700.00 ,Cash (offline)
249,2/16/2019,$150.00 ,$4.35 ,$145.65 ,Credit Card
232,2/15/2019,$600.00 ,$0.00 ,$600.00 ,Cash (offline)
234,2/14/2019,$400.00 ,$11.60 ,$388.40 ,Credit Card
193,2/13/2019,$700.00 ,$20.30 ,$679.70 ,Credit Card
223,2/12/2019,$400.00 ,$0.00 ,$400.00 ,Cash (offline)
202,2/12/2019,$600.00 ,$0.00 ,$600.00 ,Cash (offline)
197,2/12/2019,$600.00 ,$0.00 ,$600.00 ,Bank Account
152,2/12/2019,$650.00 ,$0.00 ,$650.00 ,Bank Account
158,2/11/2019,$700.00 ,$20.30 ,$679.70 ,Credit Card
219,2/10/2019,$400.00 ,$0.00 ,$400.00 ,Bank Account
210,2/8/2019,$400.00 ,$11.60 ,$388.40 ,Credit Card
211,2/7/2019,$400.00 ,$11.60 ,$388.40 ,Credit Card
217,2/5/2019,$55.00 ,$0.00 ,$55.00 ,Cash (offline)
250,2/5/2019,$150.00 ,$0.00 ,$150.00 ,Cash (offline)
251,1/31/2019,$600.00 ,$0.00 ,$600.00 ,Credit Card
229,1/30/2019,$400.00 ,$0.00 ,$400.00 ,Bank Account
196,1/25/2019,$600.00 ,$0.00 ,$600.00 ,Credit Card
171,1/24/2019,$400.00 ,$0.00 ,$400.00 ,Cash (offline)
252,1/24/2019,$150.00 ,$0.00 ,$150.00 ,Bank Account
253,1/23/2019,$600.00 ,$0.00 ,$600.00 ,Credit Card
254,1/23/2019,$250.00 ,$0.00 ,$250.00 ,Cash (offline)
235,1/22/2019,$150.00 ,$0.00 ,$150.00 ,Cash (offline)
171,1/22/2019,$300.00 ,$0.00 ,$300.00 ,Cash (offline)
190,1/18/2019,$650.00 ,$0.00 ,$650.00 ,Cash (offline)
177,1/18/2019,$550.00 ,$0.00 ,$550.00 ,Credit Card
179,1/18/2019,$550.00 ,$0.00 ,$550.00 ,Bank Account
255,1/17/2019,$650.00 ,$0.00 ,$650.00 ,Bank Account
144,1/17/2019,$650.00 ,$0.00 ,$650.00 ,Credit Card
225,1/17/2019,$350.00 ,$0.00 ,$350.00 ,Credit Card
176,1/17/2019,$650.00 ,$0.00 ,$650.00 ,Cash (offline)
256,1/17/2019,$150.00 ,$0.00 ,$150.00 ,Cash (offline)
145,1/17/2019,$650.00 ,$0.00 ,$650.00 ,Bank Account
235,1/16/2019,$150.00 ,$0.00 ,$150.00 ,Cash (offline)
194,1/16/2019,$650.00 ,$0.00 ,$650.00 ,Cash (offline)
222,1/16/2019,$550.00 ,$0.00 ,$550.00 ,Cash (offline)
236,1/16/2019,$550.00 ,$0.00 ,$550.00 ,Cash (offline)
139,1/16/2019,$650.00 ,$0.00 ,$650.00 ,Credit Card
212,1/16/2019,$100.00 ,$0.00 ,$100.00 ,Mailed Payment
157,1/16/2019,$650.00 ,$0.00 ,$650.00 ,Bank Account
257,1/16/2019,$150.00 ,$0.00 ,$150.00 ,Credit Card
258,1/15/2019,$575.00 ,$0.00 ,$575.00 ,Credit Card
259,1/15/2019,"$1,000.00 ",$0.00 ,"$1,000.00 ",Check (offline)
181,1/15/2019,$650.00 ,$0.00 ,$650.00 ,Bank Account
220,1/15/2019,$650.00 ,$0.00 ,$650.00 ,Credit Card
224,1/15/2019,$350.00 ,$0.00 ,$350.00 ,Credit Card
215,1/15/2019,$150.00 ,$0.00 ,$150.00 ,Cash (offline)
260,1/15/2019,$25.00 ,$0.00 ,$25.00 ,Bank Account
127,1/14/2019,$650.00 ,$0.00 ,$650.00 ,Credit Card
155,1/12/2019,$650.00 ,$0.00 ,$650.00 ,Bank Account
154,1/11/2019,$650.00 ,$0.00 ,$650.00 ,Credit Card
259,1/11/2019,$350.00 ,$0.00 ,$350.00 ,Check (offline)
146,1/11/2019,$650.00 ,$0.00 ,$650.00 ,Bank Account
173,1/11/2019,$550.00 ,$0.00 ,$550.00 ,Bank Account
147,1/10/2019,$650.00 ,$0.00 ,$650.00 ,Bank Account
195,1/10/2019,$650.00 ,$0.00 ,$650.00 ,Bank Account
185,1/10/2019,$800.00 ,$0.00 ,$800.00 ,Check (offline)
150,1/10/2019,$650.00 ,$0.00 ,$650.00 ,Cash (offline)
35,1/10/2019,$150.00 ,$0.00 ,$150.00 ,Cash (offline)
261,1/9/2019,$750.00 ,$0.00 ,$750.00 ,Credit Card
170,1/9/2019,$500.00 ,$0.00 ,$500.00 ,Bank Account
217,1/3/2019,$200.00 ,$0.00 ,$200.00 ,Bank Account
260,1/3/2019,$400.00 ,$0.00 ,$400.00 ,Credit Card
243,12/28/2018,$200.00 ,$0.00 ,$200.00 ,Mailed Payment
260,12/23/2018,$100.00 ,$0.00 ,$100.00 ,Credit Card
262,12/19/2018,"$1,900.00 ",$0.00 ,"$1,900.00 ",Cash (offline)
212,12/14/2018,$100.00 ,$0.00 ,$100.00 ,Mailed Payment
176,12/10/2018,$800.00 ,$0.00 ,$800.00 ,Cash (offline)
263,12/6/2018,$700.00 ,$0.00 ,$700.00 ,Credit Card
152,12/6/2018,$800.00 ,$0.00 ,$800.00 ,Bank Account
219,12/4/2018,$250.00 ,$0.00 ,$250.00 ,Account Credit
198,12/3/2018,$800.00 ,$0.00 ,$800.00 ,Credit Card
260,11/30/2018,$25.00 ,$0.00 ,$25.00 ,Bank Account
212,11/26/2018,$100.00 ,$0.00 ,$100.00 ,Mailed Payment
264,11/20/2018,$200.00 ,$0.00 ,$200.00 ,Credit Card
260,11/10/2018,$75.00 ,$0.00 ,$75.00 ,Credit Card
213,11/5/2018,$550.00 ,$0.00 ,$550.00 ,Credit Card
260,11/1/2018,$200.00 ,$0.00 ,$200.00 ,Bank Account
221,10/31/2018,$800.00 ,$0.00 ,$800.00 ,Cash (offline)
230,10/30/2018,$700.00 ,$0.00 ,$700.00 ,Cash (offline)
212,10/24/2018,$50.00 ,$0.00 ,$50.00 ,Mailed Payment
171,10/24/2018,$300.00 ,$0.00 ,$300.00 ,Cash (offline)
265,10/22/2018,$225.00 ,$0.00 ,$225.00 ,Cash (offline)
158,10/16/2018,$800.00 ,$0.00 ,$800.00 ,Credit Card
146,10/16/2018,$800.00 ,$0.00 ,$800.00 ,Bank Account
193,10/16/2018,$800.00 ,$0.00 ,$800.00 ,Credit Card
204,10/15/2018,$800.00 ,$0.00 ,$800.00 ,Check (offline)
163,10/15/2018,$800.00 ,$0.00 ,$800.00 ,Check (offline)
234,10/15/2018,$250.00 ,$0.00 ,$250.00 ,Credit Card
194,10/15/2018,$800.00 ,$0.00 ,$800.00 ,Mailed Payment
241,10/15/2018,$800.00 ,$0.00 ,$800.00 ,Credit Card
266,10/14/2018,$400.00 ,$0.00 ,$400.00 ,Credit Card
190,10/14/2018,$800.00 ,$0.00 ,$800.00 ,Cash (offline)
144,10/14/2018,$800.00 ,$0.00 ,$800.00 ,Credit Card
255,10/14/2018,$800.00 ,$0.00 ,$800.00 ,Credit Card
195,10/14/2018,$800.00 ,$0.00 ,$800.00 ,Bank Account
151,10/13/2018,$270.00 ,$0.00 ,$270.00 ,Bank Account
220,10/12/2018,$800.00 ,$0.00 ,$800.00 ,Credit Card
267,10/11/2018,$800.00 ,$0.00 ,$800.00 ,Credit Card
155,10/9/2018,$800.00 ,$0.00 ,$800.00 ,Bank Account
139,10/7/2018,$800.00 ,$0.00 ,$800.00 ,Credit Card
268,10/4/2018,$200.00 ,$0.00 ,$200.00 ,Cash (offline)
181,10/4/2018,$800.00 ,$0.00 ,$800.00 ,Bank Account
202,10/3/2018,$200.00 ,$0.00 ,$200.00 ,Cash (offline)
269,10/3/2018,$800.00 ,$0.00 ,$800.00 ,Bank Account
270,10/1/2018,$150.00 ,$0.00 ,$150.00 ,Credit Card
229,10/1/2018,$500.00 ,$0.00 ,$500.00 ,Bank Account
271,10/1/2018,$700.00 ,$0.00 ,$700.00 ,Bank Account
223,10/1/2018,$500.00 ,$0.00 ,$500.00 ,Credit Card
202,10/1/2018,$500.00 ,$0.00 ,$500.00 ,Cash (offline)
232,10/1/2018,$300.00 ,$0.00 ,$300.00 ,Cash (offline)
242,9/30/2018,$100.00 ,$0.00 ,$100.00 ,Cash (offline)
248,9/30/2018,$275.00 ,$0.00 ,$275.00 ,Cash (offline)
232,9/30/2018,$200.00 ,$0.00 ,$200.00 ,Cash (offline)
184,9/30/2018,$700.00 ,$0.00 ,$700.00 ,Credit Card
250,9/29/2018,$200.00 ,$0.00 ,$200.00 ,Cash (offline)
154,9/28/2018,$800.00 ,$0.00 ,$800.00 ,Credit Card
145,9/27/2018,$800.00 ,$0.00 ,$800.00 ,Bank Account
150,9/26/2018,$800.00 ,$0.00 ,$800.00 ,Credit Card
147,9/25/2018,$800.00 ,$0.00 ,$800.00 ,Bank Account
180,9/25/2018,$700.00 ,$0.00 ,$700.00 ,Bank Account
210,9/25/2018,$500.00 ,$0.00 ,$500.00 ,Credit Card
272,9/24/2018,$125.00 ,$0.00 ,$125.00 ,Mailed Payment
247,9/24/2018,$150.00 ,$0.00 ,$150.00 ,Mailed Payment
127,9/23/2018,$800.00 ,$0.00 ,$800.00 ,Cash (offline)
157,9/23/2018,$800.00 ,$0.00 ,$800.00 ,Credit Card
273,9/22/2018,$50.00 ,$0.00 ,$50.00 ,Cash (offline)
274,9/22/2018,$150.00 ,$0.00 ,$150.00 ,Cash (offline)
242,9/21/2018,$400.00 ,$0.00 ,$400.00 ,Mailed Payment
173,9/19/2018,$650.00 ,$0.00 ,$650.00 ,Mailed Payment
224,9/18/2018,$500.00 ,$0.00 ,$500.00 ,Credit Card
232,9/17/2018,$200.00 ,$0.00 ,$200.00 ,Cash (offline)
196,9/17/2018,"$1,800.00 ",$0.00 ,"$1,800.00 ",Credit Card
212,9/17/2018,$50.00 ,$0.00 ,$50.00 ,Mailed Payment
249,9/17/2018,$150.00 ,$0.00 ,$150.00 ,Credit Card
270,9/13/2018,$500.00 ,$0.00 ,$500.00 ,Check (offline)
259,9/13/2018,$550.00 ,$0.00 ,$550.00 ,Check (offline)
232,9/9/2018,$300.00 ,$0.00 ,$300.00 ,Cash (offline)
191,9/9/2018,$700.00 ,$0.00 ,$700.00 ,Credit Card
275,9/8/2018,$150.00 ,$0.00 ,$150.00 ,Cash (offline)
276,9/7/2018,$450.00 ,$0.00 ,$450.00 ,Credit Card
197,9/7/2018,$700.00 ,$0.00 ,$700.00 ,Bank Account
175,9/7/2018,$650.00 ,$0.00 ,$650.00 ,Check (offline)
256,9/7/2018,$50.00 ,$0.00 ,$50.00 ,Cash (offline)
189,9/7/2018,$650.00 ,$0.00 ,$650.00 ,Cash (offline)
179,9/6/2018,$650.00 ,$0.00 ,$650.00 ,Bank Account
217,9/6/2018,$450.00 ,$0.00 ,$450.00 ,Bank Account
211,9/5/2018,$450.00 ,$0.00 ,$450.00 ,Credit Card
203,9/4/2018,$650.00 ,$0.00 ,$650.00 ,Cash (offline)
277,9/4/2018,$100.00 ,$0.00 ,$100.00 ,Credit Card
225,9/4/2018,$450.00 ,$0.00 ,$450.00 ,Credit Card
216,9/2/2018,$250.00 ,$0.00 ,$250.00 ,Cash (offline)
237,9/1/2018,$450.00 ,$0.00 ,$450.00 ,Cash (offline)
215,8/31/2018,$150.00 ,$0.00 ,$150.00 ,Bank Account
253,8/31/2018,$650.00 ,$0.00 ,$650.00 ,Credit Card
278,8/31/2018,$150.00 ,$0.00 ,$150.00 ,Cash (offline)
177,8/31/2018,$650.00 ,$0.00 ,$650.00 ,Bank Account
216,8/30/2018,$200.00 ,$0.00 ,$200.00 ,Cash (offline)
279,8/30/2018,$150.00 ,$0.00 ,$150.00 ,Check (offline)
280,8/30/2018,$150.00 ,$0.00 ,$150.00 ,Credit Card
281,8/30/2018,$450.00 ,$0.00 ,$450.00 ,Bank Account
236,8/29/2018,$650.00 ,$0.00 ,$650.00 ,Credit Card
256,8/28/2018,$400.00 ,$0.00 ,$400.00 ,Cash (offline)
252,8/28/2018,$150.00 ,$0.00 ,$150.00 ,Credit Card
251,8/27/2018,$650.00 ,$0.00 ,$650.00 ,Credit Card
240,8/26/2018,$100.00 ,$0.00 ,$100.00 ,Credit Card
257,8/25/2018,$150.00 ,$0.00 ,$150.00 ,Credit Card
282,8/24/2018,$150.00 ,$0.00 ,$150.00 ,Cash (offline)
283,8/24/2018,$600.00 ,$0.00 ,$600.00 ,Cash (offline)
283,8/24/2018,$750.00 ,$0.00 ,$750.00 ,Cash (offline)
284,8/23/2018,$150.00 ,$0.00 ,$150.00 ,Credit Card
35,8/22/2018,$150.00 ,$0.00 ,$150.00 ,Cash (offline)
222,8/22/2018,$650.00 ,$0.00 ,$650.00 ,Cash (offline)
261,8/13/2018,$850.00 ,$0.00 ,$850.00 ,Bank Account
268,8/6/2018,$650.00 ,$0.00 ,$650.00 ,Check (offline)
212,6/15/2018,$175.00 ,$0.00 ,$175.00 ,Mailed Payment
212,5/24/2018,$200.00 ,$0.00 ,$200.00 ,Mailed Payment
285,5/14/2018,"$1,025.00 ",$0.00 ,"$1,025.00 ",Mailed Payment
212,4/27/2018,$200.00 ,$0.00 ,$200.00 ,Mailed Payment
230,4/23/2018,$800.00 ,$0.00 ,$800.00 ,Cash (offline)
189,4/20/2018,$160.00 ,$0.00 ,$160.00 ,Cash (offline)
189,4/20/2018,$240.00 ,$0.00 ,$240.00 ,Cash (offline)
232,4/20/2018,$200.00 ,$0.00 ,$200.00 ,Cash (offline)
232,4/20/2018,$205.00 ,$0.00 ,$205.00 ,Cash (offline)
286,4/20/2018,$750.00 ,$0.00 ,$750.00 ,Cash (offline)
239,4/16/2018,$387.50 ,$0.00 ,$387.50 ,Credit Card
253,4/16/2018,$300.00 ,$0.00 ,$300.00 ,Cash (offline)
239,4/16/2018,$387.50 ,$0.00 ,$387.50 ,Cash (offline)
263,4/15/2018,$200.00 ,$0.00 ,$200.00 ,Credit Card
287,4/15/2018,$600.00 ,$0.00 ,$600.00 ,Cash (offline)
288,4/15/2018,$500.00 ,$0.00 ,$500.00 ,Check (offline)
289,4/15/2018,$250.00 ,$0.00 ,$250.00 ,Cash (offline)
273,4/15/2018,$100.00 ,$0.00 ,$100.00 ,Cash (offline)
170,4/15/2018,"$1,800.00 ",$0.00 ,"$1,800.00 ",Credit Card
213,4/12/2018,$725.00 ,$0.00 ,$725.00 ,Credit Card
272,4/11/2018,$25.00 ,$0.00 ,$25.00 ,Mailed Payment
191,4/11/2018,$285.00 ,$0.00 ,$285.00 ,Credit Card
290,4/10/2018,"$2,255.00 ",$0.00 ,"$2,255.00 ",Cash (offline)
273,4/10/2018,$220.00 ,$0.00 ,$220.00 ,Cash (offline)
254,4/10/2018,$125.00 ,$0.00 ,$125.00 ,Cash (offline)
265,4/10/2018,$150.00 ,$0.00 ,$150.00 ,Cash (offline)
265,4/10/2018,$100.00 ,$0.00 ,$100.00 ,Cash (offline)
291,4/9/2018,$300.00 ,$0.00 ,$300.00 ,Cash (offline)
263,4/9/2018,$500.00 ,$0.00 ,$500.00 ,Credit Card
292,4/6/2018,$200.00 ,$0.00 ,$200.00 ,Cash (offline)
273,4/3/2018,$180.00 ,$0.00 ,$180.00 ,Cash (offline)
253,3/29/2018,$300.00 ,$0.00 ,$300.00 ,Check (offline)
240,3/29/2018,$5.00 ,$0.00 ,$5.00 ,Credit Card
293,3/28/2018,$300.00 ,$0.00 ,$300.00 ,Check (offline)
294,3/27/2018,$150.00 ,$0.00 ,$150.00 ,Cash (offline)
251,3/27/2018,$850.00 ,$0.00 ,$850.00 ,Credit Card
212,3/26/2018,$200.00 ,$0.00 ,$200.00 ,Mailed Payment
189,3/26/2018,$400.00 ,$0.00 ,$400.00 ,Cash (offline)
295,3/25/2018,$150.00 ,$0.00 ,$150.00 ,Credit Card
271,3/24/2018,$850.00 ,$0.00 ,$850.00 ,Bank Account
243,3/21/2018,$100.00 ,$0.00 ,$100.00 ,Cash (offline)
264,3/20/2018,$250.00 ,$0.00 ,$250.00 ,Credit Card
270,3/7/2018,$300.00 ,$0.00 ,$300.00 ,Credit Card
254,3/5/2018,$25.00 ,$0.00 ,$25.00 ,Cash (offline)
262,3/5/2018,$150.00 ,$0.00 ,$150.00 ,Cash (offline)
296,3/4/2018,$200.00 ,$0.00 ,$200.00 ,Cash (offline)
264,3/3/2018,$250.00 ,$0.00 ,$250.00 ,Credit Card
281,3/2/2018,$700.00 ,$0.00 ,$700.00 ,Mailed Payment
234,2/28/2018,$725.00 ,$0.00 ,$725.00 ,Credit Card
184,2/28/2018,$800.00 ,$0.00 ,$800.00 ,Credit Card
171,2/28/2018,$800.00 ,$0.00 ,$800.00 ,Bank Account
254,2/28/2018,$100.00 ,$0.00 ,$100.00 ,Cash (offline)
268,2/28/2018,$200.00 ,$0.00 ,$200.00 ,Cash (offline)
212,2/27/2018,$600.00 ,$0.00 ,$600.00 ,Mailed Payment
240,2/25/2018,$140.00 ,$0.00 ,$140.00 ,Credit Card
240,2/25/2018,$178.69 ,$0.00 ,$178.69 ,Credit Card
197,2/24/2018,$800.00 ,$0.00 ,$800.00 ,Bank Account
223,2/22/2018,$150.00 ,$0.00 ,$150.00 ,Mailed Payment
203,2/21/2018,$775.00 ,$0.00 ,$775.00 ,Cash (offline)
170,2/18/2018,$50.00 ,$0.00 ,$50.00 ,Bank Account
272,2/16/2018,$500.00 ,$0.00 ,$500.00 ,Mailed Payment
236,2/14/2018,$750.00 ,$0.00 ,$750.00 ,Credit Card
180,2/12/2018,$750.00 ,$0.00 ,$750.00 ,Bank Account
222,2/11/2018,$750.00 ,$0.00 ,$750.00 ,Cash (offline)
179,2/6/2018,$700.00 ,$0.00 ,$700.00 ,Mailed Payment
217,2/5/2018,$725.00 ,$0.00 ,$725.00 ,Bank Account
265,2/4/2018,$200.00 ,$0.00 ,$200.00 ,Cash (offline)
219,2/4/2018,$960.00 ,$0.00 ,$960.00 ,Bank Account
297,2/3/2018,$300.00 ,$0.00 ,$300.00 ,Account Credit
177,2/3/2018,$750.00 ,$0.00 ,$750.00 ,Credit Card
214,2/2/2018,$650.00 ,$0.00 ,$650.00 ,Mailed Payment
253,2/1/2018,$200.00 ,$0.00 ,$200.00 ,Cash (offline)
298,2/1/2018,$160.00 ,$0.00 ,$160.00 ,Cash (offline)
191,2/1/2018,$400.00 ,$0.00 ,$400.00 ,Mailed Payment
210,2/1/2018,$650.00 ,$0.00 ,$650.00 ,Mailed Payment
299,2/1/2018,$500.00 ,$0.00 ,$500.00 ,Credit Card
254,1/31/2018,$50.00 ,$0.00 ,$50.00 ,Cash (offline)
295,1/30/2018,$150.00 ,$0.00 ,$150.00 ,Credit Card
300,1/29/2018,$250.00 ,$0.00 ,$250.00 ,Cash (offline)
175,1/29/2018,$750.00 ,$0.00 ,$750.00 ,Credit Card
254,1/25/2018,$200.00 ,$0.00 ,$200.00 ,Cash (offline)
301,1/25/2018,$250.00 ,$0.00 ,$250.00 ,Cash (offline)
211,1/25/2018,$750.00 ,$0.00 ,$750.00 ,Credit Card
259,1/25/2018,"$1,500.00 ",$0.00 ,"$1,500.00 ",Check (offline)
240,1/24/2018,$105.00 ,$0.00 ,$105.00 ,Credit Card
248,1/23/2018,$600.00 ,$0.00 ,$600.00 ,Bank Account
242,1/22/2018,$50.00 ,$0.00 ,$50.00 ,Account Credit
242,1/22/2018,$650.00 ,$0.00 ,$650.00 ,Mailed Payment
203,1/21/2018,$400.00 ,$0.00 ,$400.00 ,Cash (offline)
294,1/21/2018,$50.00 ,$0.00 ,$50.00 ,Account Credit
294,1/21/2018,$100.00 ,$0.00 ,$100.00 ,Cash (offline)
225,1/19/2018,$650.00 ,$0.00 ,$650.00 ,Credit Card
302,1/19/2018,"$1,070.00 ",$0.00 ,"$1,070.00 ",Bank Account
257,1/19/2018,$450.00 ,$0.00 ,$450.00 ,Bank Account
276,1/19/2018,$650.00 ,$0.00 ,$650.00 ,Credit Card
247,1/19/2018,$450.00 ,$0.00 ,$450.00 ,Mailed Payment
237,1/19/2018,$50.00 ,$0.00 ,$50.00 ,Account Credit
237,1/19/2018,$600.00 ,$0.00 ,$600.00 ,Cash (offline)
229,1/19/2018,$650.00 ,$0.00 ,$650.00 ,Bank Account
283,1/19/2018,$450.00 ,$0.00 ,$450.00 ,Cash (offline)
297,1/19/2018,$100.00 ,$0.00 ,$100.00 ,Cash (offline)
235,1/18/2018,$50.00 ,$0.00 ,$50.00 ,Account Credit
235,1/18/2018,$600.00 ,$0.00 ,$600.00 ,Check (offline)
224,1/18/2018,$650.00 ,$0.00 ,$650.00 ,Credit Card
249,1/18/2018,$450.00 ,$0.00 ,$450.00 ,Mailed Payment
252,1/18/2018,$450.00 ,$0.00 ,$450.00 ,Mailed Payment
303,1/18/2018,$100.00 ,$0.00 ,$100.00 ,Mailed Payment
173,1/18/2018,$700.00 ,$0.00 ,$700.00 ,Mailed Payment
237,1/18/2018,$50.00 ,$0.00 ,$50.00 ,Account Credit
216,1/18/2018,$650.00 ,$0.00 ,$650.00 ,Bank Account
259,1/17/2018,$100.00 ,$0.00 ,$100.00 ,Check (offline)
304,1/17/2018,$200.00 ,$0.00 ,$200.00 ,Cash (offline)
262,1/16/2018,$300.00 ,$0.00 ,$300.00 ,Cash (offline)
279,1/16/2018,$450.00 ,$0.00 ,$450.00 ,Check (offline)
282,1/16/2018,$450.00 ,$0.00 ,$450.00 ,Check (offline)
256,1/16/2018,$100.00 ,$0.00 ,$100.00 ,Cash (offline)
245,1/15/2018,$250.00 ,$0.00 ,$250.00 ,Credit Card
250,1/15/2018,$150.00 ,$0.00 ,$150.00 ,Cash (offline)
305,1/15/2018,$50.00 ,$0.00 ,$50.00 ,Credit Card
305,1/15/2018,$50.00 ,$0.00 ,$50.00 ,Credit Card
214,1/11/2018,$650.00 ,$0.00 ,$650.00 ,Credit Card
231,1/11/2018,$100.00 ,$0.00 ,$100.00 ,Cash (offline)
170,1/9/2018,$125.00 ,$0.00 ,$125.00 ,Bank Account
286,1/8/2018,$800.00 ,$0.00 ,$800.00 ,Cash (offline)
265,1/7/2018,$100.00 ,$0.00 ,$100.00 ,Cash (offline)
215,1/6/2018,$150.00 ,$0.00 ,$150.00 ,Cash (offline)
294,1/6/2018,$100.00 ,$0.00 ,$100.00 ,Cash (offline)
280,1/6/2018,$450.00 ,$0.00 ,$450.00 ,Credit Card
278,1/4/2018,$150.00 ,$0.00 ,$150.00 ,Cash (offline)
281,1/4/2018,$700.00 ,$0.00 ,$700.00 ,Mailed Payment
284,1/3/2018,$450.00 ,$0.00 ,$450.00 ,Credit Card
213,1/2/2018,"$1,550.00 ",$0.00 ,"$1,550.00 ",Credit Card
212,12/21/2017,$100.00 ,$0.00 ,$100.00 ,Mailed Payment
290,12/9/2017,$200.00 ,$0.00 ,$200.00 ,Cash (offline)
35,12/6/2017,$400.00 ,$0.00 ,$400.00 ,Check (offline)
265,12/6/2017,$100.00 ,$0.00 ,$100.00 ,Cash (offline)
35,12/5/2017,$350.00 ,$0.00 ,$350.00 ,Mailed Payment
239,11/30/2017,$640.00 ,$0.00 ,$640.00 ,Cash (offline)
306,11/29/2017,$150.00 ,$0.00 ,$150.00 ,Cash (offline)
191,11/29/2017,$800.00 ,$0.00 ,$800.00 ,Mailed Payment
239,11/29/2017,$160.00 ,$0.00 ,$160.00 ,Cash (offline)
234,11/28/2017,$700.00 ,$0.00 ,$700.00 ,Credit Card
179,11/28/2017,$800.00 ,$0.00 ,$800.00 ,Mailed Payment
254,11/28/2017,$200.00 ,$0.00 ,$200.00 ,Cash (offline)
196,11/27/2017,$100.00 ,$0.00 ,$100.00 ,Cash (offline)
303,11/27/2017,$300.00 ,$0.00 ,$300.00 ,Credit Card
293,11/27/2017,$200.00 ,$0.00 ,$200.00 ,Cash (offline)
203,11/25/2017,$400.00 ,$0.00 ,$400.00 ,Cash (offline)
294,11/20/2017,$100.00 ,$0.00 ,$100.00 ,Cash (offline)
307,11/20/2017,$950.00 ,$0.00 ,$950.00 ,Cash (offline)
223,11/20/2017,$50.00 ,$0.00 ,$50.00 ,Mailed Payment
191,11/20/2017,$300.00 ,$0.00 ,$300.00 ,Cash (offline)
294,11/19/2017,$100.00 ,$0.00 ,$100.00 ,Cash (offline)
173,11/16/2017,$800.00 ,$0.00 ,$800.00 ,Bank Account
272,11/16/2017,$50.00 ,$0.00 ,$50.00 ,Mailed Payment
212,11/15/2017,$100.00 ,$0.00 ,$100.00 ,Mailed Payment
296,11/14/2017,$35.00 ,$0.00 ,$35.00 ,Cash (offline)
296,11/14/2017,$165.00 ,$0.00 ,$165.00 ,Cash (offline)
211,11/12/2017,$800.00 ,$0.00 ,$800.00 ,Credit Card
308,11/3/2017,"$1,650.00 ",$0.00 ,"$1,650.00 ",Cash (offline)
297,10/31/2017,$100.00 ,$0.00 ,$100.00 ,Cash (offline)
296,10/31/2017,$550.00 ,$0.00 ,$550.00 ,Cash (offline)
309,10/31/2017,$50.00 ,$0.00 ,$50.00 ,Cash (offline)
268,10/24/2017,$350.00 ,$8.75 ,$341.25 ,Credit Card
268,10/23/2017,$350.00 ,$8.75 ,$341.25 ,Credit Card
223,10/19/2017,$750.00 ,$0.00 ,$750.00 ,Mailed Payment
310,10/19/2017,$750.00 ,$18.75 ,$731.25 ,Credit Card
240,10/16/2017,$160.00 ,$4.00 ,$156.00 ,Credit Card
170,10/13/2017,$75.00 ,$0.00 ,$75.00 ,Bank Account
293,10/9/2017,$100.00 ,$0.00 ,$100.00 ,Cash (offline)
272,10/9/2017,$500.00 ,$0.00 ,$500.00 ,Mailed Payment
245,10/8/2017,$200.00 ,$5.00 ,$195.00 ,Credit Card
311,10/4/2017,$400.00 ,$10.00 ,$390.00 ,Credit Card
312,10/3/2017,"$1,700.00 ",$0.00 ,"$1,700.00 ",Bank Account
288,10/2/2017,$500.00 ,$0.00 ,$500.00 ,Check (offline)
264,10/2/2017,$550.00 ,$13.75 ,$536.25 ,Credit Card
210,9/28/2017,$750.00 ,$18.75 ,$731.25 ,Credit Card
237,9/27/2017,"$1,650.00 ",$0.00 ,"$1,650.00 ",Check (offline)
313,9/25/2017,$750.00 ,$18.75 ,$731.25 ,Credit Card
314,9/25/2017,$500.00 ,$12.50 ,$487.50 ,Credit Card
249,9/25/2017,$500.00 ,$12.50 ,$487.50 ,Credit Card
229,9/22/2017,$700.00 ,$0.00 ,$700.00 ,Bank Account
247,9/20/2017,$500.00 ,$0.00 ,$500.00 ,Cash (offline)
224,9/18/2017,$700.00 ,$17.50 ,$682.50 ,Credit Card
214,9/18/2017,$750.00 ,$0.00 ,$750.00 ,Mailed Payment
315,9/15/2017,$150.00 ,$0.00 ,$150.00 ,Check (offline)
258,9/12/2017,$450.00 ,$0.00 ,$450.00 ,Check (offline)
300,9/12/2017,$300.00 ,$0.00 ,$300.00 ,Cash (offline)
273,9/12/2017,$500.00 ,$0.00 ,$500.00 ,Cash (offline)
316,9/12/2017,$150.00 ,$3.75 ,$146.25 ,Credit Card
219,9/9/2017,$750.00 ,$0.00 ,$750.00 ,Bank Account
297,9/6/2017,$200.00 ,$0.00 ,$200.00 ,Cash (offline)
35,9/6/2017,$200.00 ,$0.00 ,$200.00 ,Check (offline)
282,9/6/2017,$200.00 ,$0.00 ,$200.00 ,Check (offline)
250,9/5/2017,$850.00 ,$0.00 ,$850.00 ,Check (offline)
250,9/5/2017,$500.00 ,$0.00 ,$500.00 ,Check (offline)
281,9/5/2017,$900.00 ,$0.00 ,$900.00 ,Check (offline)
289,9/5/2017,$300.00 ,$0.00 ,$300.00 ,Check (offline)
283,9/5/2017,$500.00 ,$0.00 ,$500.00 ,Check (offline)
278,9/5/2017,$500.00 ,$0.00 ,$500.00 ,Check (offline)
279,9/5/2017,$500.00 ,$0.00 ,$500.00 ,Check (offline)
217,9/4/2017,$550.00 ,$0.00 ,$550.00 ,Cash (offline)
217,9/4/2017,$300.00 ,$0.00 ,$300.00 ,Cash (offline)
240,8/28/2017,$100.00 ,$2.50 ,$97.50 ,Credit Card
240,8/28/2017,$450.00 ,$11.25 ,$438.75 ,Credit Card
317,8/25/2017,$450.00 ,$11.25 ,$438.75 ,Credit Card
299,8/25/2017,$450.00 ,$11.25 ,$438.75 ,Credit Card
242,8/25/2017,$650.00 ,$16.25 ,$633.75 ,Credit Card
225,8/25/2017,$650.00 ,$16.25 ,$633.75 ,Credit Card
256,8/25/2017,$150.00 ,$0.00 ,$150.00 ,Cash (offline)
252,8/25/2017,$450.00 ,$11.25 ,$438.75 ,Credit Card
257,8/24/2017,$450.00 ,$11.25 ,$438.75 ,Credit Card
215,8/24/2017,$700.00 ,$17.50 ,$682.50 ,Credit Card
318,8/24/2017,$250.00 ,$0.00 ,$250.00 ,Bank Account
284,8/24/2017,$450.00 ,$11.25 ,$438.75 ,Credit Card
319,8/24/2017,$150.00 ,$0.00 ,$150.00 ,Bank Account
280,8/24/2017,$450.00 ,$11.25 ,$438.75 ,Credit Card
305,8/23/2017,$50.00 ,$1.25 ,$48.75 ,Credit Card
216,8/21/2017,$700.00 ,$17.50 ,$682.50 ,Credit Card
276,8/21/2017,$650.00 ,$16.25 ,$633.75 ,Credit Card
235,8/19/2017,$650.00 ,$16.25 ,$633.75 ,Credit Card
170,8/18/2017,$50.00 ,$0.00 ,$50.00 ,Bank Account
223,8/18/2017,$400.00 ,$0.00 ,$400.00 ,Mailed Payment
170,8/9/2017,$50.00 ,$0.00 ,$50.00 ,Bank Account
240,7/25/2017,$50.00 ,$1.25 ,$48.75 ,Credit Card
240,7/25/2017,$65.00 ,$1.63 ,$63.37 ,Credit Card
303,7/8/2017,$800.00 ,$20.00 ,$780.00 ,Credit Card
234,5/17/2017,$900.00 ,$0.00 ,$900.00 ,Mailed Payment
294,5/15/2017,$200.00 ,$0.00 ,$200.00 ,Cash (offline)
219,5/1/2017,$900.00 ,$0.00 ,$900.00 ,Bank Account
242,4/24/2017,$400.00 ,$0.00 ,$400.00 ,Mailed Payment
216,4/17/2017,$400.00 ,$10.00 ,$390.00 ,Credit Card
214,4/17/2017,$400.00 ,$0.00 ,$400.00 ,Mailed Payment
229,4/14/2017,$350.00 ,$0.00 ,$350.00 ,Bank Account
210,4/13/2017,$420.00 ,$10.50 ,$409.50 ,Credit Card
170,4/12/2017,$200.00 ,$0.00 ,$200.00 ,Bank Account
223,4/4/2017,$500.00 ,$12.50 ,$487.50 ,Credit Card
311,4/3/2017,$700.00 ,$17.50 ,$682.50 ,Credit Card
215,3/31/2017,$400.00 ,$10.00 ,$390.00 ,Credit Card
301,3/31/2017,$600.00 ,$0.00 ,$600.00 ,Check (offline)
301,3/31/2017,$300.00 ,$0.00 ,$300.00 ,Check (offline)
247,3/31/2017,$850.00 ,$0.00 ,$850.00 ,Check (offline)
229,3/30/2017,$250.00 ,$0.00 ,$250.00 ,Bank Account
242,3/20/2017,$500.00 ,$12.50 ,$487.50 ,Credit Card
313,3/20/2017,$500.00 ,$12.50 ,$487.50 ,Credit Card
216,3/20/2017,$450.00 ,$11.25 ,$438.75 ,Credit Card
214,3/19/2017,$450.00 ,$11.25 ,$438.75 ,Credit Card
215,3/17/2017,$450.00 ,$11.25 ,$438.75 ,Credit Card
299,3/7/2017,$850.00 ,$21.25 ,$828.75 ,Credit Card
224,3/5/2017,$900.00 ,$22.50 ,$877.50 ,Credit Card
256,3/2/2017,$900.00 ,$22.50 ,$877.50 ,Credit Card
264,2/28/2017,$400.00 ,$10.00 ,$390.00 ,Credit Card
264,2/28/2017,$400.00 ,$10.00 ,$390.00 ,Credit Card
320,2/28/2017,$800.00 ,$20.00 ,$780.00 ,Credit Card
229,2/27/2017,$300.00 ,$0.00 ,$300.00 ,Bank Account
321,2/24/2017,"$1,000.00 ",$25.00 ,$975.00 ,Credit Card
254,2/22/2017,$200.00 ,$5.00 ,$195.00 ,Credit Card
272,2/21/2017,$800.00 ,$0.00 ,$800.00 ,Mailed Payment
225,2/20/2017,$850.00 ,$21.25 ,$828.75 ,Credit Card
322,2/20/2017,$800.00 ,$20.00 ,$780.00 ,Credit Card
297,2/20/2017,$70.00 ,$0.00 ,$70.00 ,Cash (offline)
297,2/20/2017,$500.00 ,$0.00 ,$500.00 ,Cash (offline)
240,2/20/2017,$50.00 ,$1.25 ,$48.75 ,Credit Card
285,2/20/2017,$850.00 ,$21.25 ,$828.75 ,Credit Card
249,2/19/2017,$800.00 ,$20.00 ,$780.00 ,Credit Card
252,2/19/2017,$800.00 ,$20.00 ,$780.00 ,Credit Card
276,2/18/2017,$850.00 ,$21.25 ,$828.75 ,Credit Card
274,2/17/2017,$50.00 ,$0.00 ,$50.00 ,Cash (offline)
291,2/17/2017,$50.00 ,$0.00 ,$50.00 ,Cash (offline)
323,2/17/2017,$500.00 ,$0.00 ,$500.00 ,Cash (offline)
324,2/17/2017,$800.00 ,$0.00 ,$800.00 ,Cash (offline)
278,2/17/2017,$850.00 ,$0.00 ,$850.00 ,Check (offline)
279,2/17/2017,$50.00 ,$0.00 ,$50.00 ,Cash (offline)
248,2/17/2017,$50.00 ,$0.00 ,$50.00 ,Cash (offline)
325,2/17/2017,$150.00 ,$0.00 ,$150.00 ,Cash (offline)
277,2/17/2017,$800.00 ,$0.00 ,$800.00 ,Cash (offline)
326,2/17/2017,$800.00 ,$0.00 ,$800.00 ,Check (offline)
327,2/17/2017,$200.00 ,$0.00 ,$200.00 ,Check (offline)
258,2/17/2017,$100.00 ,$0.00 ,$100.00 ,Check (offline)
328,2/17/2017,$300.00 ,$0.00 ,$300.00 ,Cash (offline)
275,2/17/2017,$900.00 ,$0.00 ,$900.00 ,Check (offline)
329,2/17/2017,$200.00 ,$0.00 ,$200.00 ,Cash (offline)
329,2/17/2017,$300.00 ,$0.00 ,$300.00 ,Cash (offline)
329,2/17/2017,$200.00 ,$0.00 ,$200.00 ,Cash (offline)
329,2/17/2017,$300.00 ,$0.00 ,$300.00 ,Cash (offline)
270,2/17/2017,$500.00 ,$0.00 ,$500.00 ,Check (offline)
300,2/17/2017,$500.00 ,$0.00 ,$500.00 ,Check (offline)
281,2/17/2017,$600.00 ,$0.00 ,$600.00 ,Check (offline)
281,2/17/2017,$300.00 ,$0.00 ,$300.00 ,Check (offline)
259,2/17/2017,$200.00 ,$0.00 ,$200.00 ,Check (offline)
259,2/17/2017,$300.00 ,$0.00 ,$300.00 ,Check (offline)
289,2/17/2017,$500.00 ,$0.00 ,$500.00 ,Check (offline)
245,2/17/2017,$150.00 ,$3.75 ,$146.25 ,Credit Card
210,2/17/2017,$430.00 ,$10.75 ,$419.25 ,Credit Card
316,2/13/2017,$300.00 ,$7.50 ,$292.50 ,Credit Card
229,2/7/2017,$600.00 ,$0.00 ,$600.00 ,Check (offline)
229,2/7/2017,$300.00 ,$0.00 ,$300.00 ,Check (offline)
268,2/6/2017,$600.00 ,$0.00 ,$600.00 ,Check (offline)
268,2/6/2017,$300.00 ,$0.00 ,$300.00 ,Check (offline)
296,2/1/2017,$600.00 ,$15.00 ,$585.00 ,Credit Card
285,1/26/2017,$900.00 ,$22.50 ,$877.50 ,Credit Card
330,1/22/2017,$800.00 ,$0.00 ,$800.00 ,Check (offline)
280,1/21/2017,$800.00 ,$20.00 ,$780.00 ,Credit Card
274,1/20/2017,$750.00 ,$0.00 ,$750.00 ,Mailed Payment
291,1/20/2017,$450.00 ,$11.25 ,$438.75 ,Credit Card
331,1/19/2017,$800.00 ,$20.00 ,$780.00 ,Credit Card
240,1/18/2017,$101.31 ,$2.53 ,$98.78 ,Credit Card
254,1/17/2017,$900.00 ,$22.50 ,$877.50 ,Credit Card
314,1/16/2017,$800.00 ,$20.00 ,$780.00 ,Credit Card
263,1/16/2017,$500.00 ,$12.50 ,$487.50 ,Credit Card
318,1/16/2017,$500.00 ,$12.50 ,$487.50 ,Credit Card
279,1/16/2017,$750.00 ,$18.75 ,$731.25 ,Credit Card
273,1/16/2017,$800.00 ,$20.00 ,$780.00 ,Credit Card
257,1/15/2017,$800.00 ,$20.00 ,$780.00 ,Credit Card
248,1/14/2017,$800.00 ,$20.00 ,$780.00 ,Credit Card
284,1/14/2017,$800.00 ,$20.00 ,$780.00 ,Credit Card
35,1/12/2017,$800.00 ,$0.00 ,$800.00 ,Check (offline)
304,1/12/2017,$200.00 ,$0.00 ,$200.00 ,Check (offline)
282,1/12/2017,$200.00 ,$0.00 ,$200.00 ,Check (offline)
305,1/12/2017,$50.00 ,$0.00 ,$50.00 ,Cash (offline)
225,1/12/2017,$900.00 ,$22.50 ,$877.50 ,Credit Card
235,1/11/2017,$300.00 ,$7.50 ,$292.50 ,Credit Card
294,1/11/2017,$200.00 ,$0.00 ,$200.00 ,Cash (offline)
332,1/11/2017,$900.00 ,$22.50 ,$877.50 ,Credit Card
317,1/10/2017,"$1,750.00 ",$43.75 ,"$1,706.25 ",Credit Card
235,1/10/2017,$550.00 ,$13.75 ,$536.25 ,Credit Card
235,1/10/2017,$300.00 ,$7.50 ,$292.50 ,Credit Card
213,1/10/2017,$900.00 ,$22.50 ,$877.50 ,Credit Card
234,1/9/2017,$900.00 ,$0.00 ,$900.00 ,Check (offline)
237,1/2/2017,$900.00 ,$22.50 ,$877.50 ,Credit Card
248,12/30/2016,$800.00 ,$20.00 ,$780.00 ,Credit Card
256,12/27/2016,$300.00 ,$7.50 ,$292.50 ,Credit Card
278,12/15/2016,$600.00 ,$15.00 ,$585.00 ,Credit Card
224,12/8/2016,$300.00 ,$7.50 ,$292.50 ,Credit Card
210,12/8/2016,$600.00 ,$15.00 ,$585.00 ,Credit Card
250,12/4/2016,$900.00 ,$22.50 ,$877.50 ,Credit Card
324,12/2/2016,$100.00 ,$2.50 ,$97.50 ,Credit Card
276,11/25/2016,$600.00 ,$15.00 ,$585.00 ,Credit Card
333,11/15/2016,$150.00 ,$3.75 ,$146.25 ,Credit Card
334,11/15/2016,$800.00 ,$0.00 ,$800.00 ,Check (offline)
288,11/15/2016,$800.00 ,$0.00 ,$800.00 ,Check (offline)
298,11/15/2016,$500.00 ,$0.00 ,$500.00 ,Cash (offline)
320,11/10/2016,$800.00 ,$20.00 ,$780.00 ,Credit Card
324,11/8/2016,$250.00 ,$6.25 ,$243.75 ,Credit Card
297,11/7/2016,$100.00 ,$0.00 ,$100.00 ,Cash (offline)
235,11/6/2016,$300.00 ,$7.50 ,$292.50 ,Credit Card
224,11/3/2016,$300.00 ,$7.50 ,$292.50 ,Credit Card
294,11/3/2016,$100.00 ,$0.00 ,$100.00 ,Cash (offline)
335,11/3/2016,$300.00 ,$7.50 ,$292.50 ,Credit Card
294,11/2/2016,$150.00 ,$0.00 ,$150.00 ,Cash (offline)
305,11/2/2016,$500.00 ,$12.50 ,$487.50 ,Credit Card
240,11/2/2016,$175.00 ,$4.38 ,$170.62 ,Credit Card
322,11/2/2016,$850.00 ,$21.25 ,$828.75 ,Credit Card
276,10/28/2016,$300.00 ,$7.50 ,$292.50 ,Credit Card
256,10/25/2016,$600.00 ,$15.00 ,$585.00 ,Credit Card
235,10/17/2016,$300.00 ,$7.50 ,$292.50 ,Credit Card
324,10/15/2016,$450.00 ,$11.25 ,$438.75 ,Credit Card
224,10/14/2016,$300.00 ,$7.50 ,$292.50 ,Credit Card
278,10/14/2016,$300.00 ,$7.50 ,$292.50 ,Credit Card
210,10/13/2016,$300.00 ,$7.50 ,$292.50 ,Credit Card
296,10/12/2016,$300.00 ,$0.00 ,$300.00 ,Cash (offline)
291,10/12/2016,$50.00 ,$0.00 ,$50.00 ,Bank Account
336,10/7/2016,$300.00 ,$7.50 ,$292.50 ,Credit Card
297,10/5/2016,$400.00 ,$0.00 ,$400.00 ,Cash (offline)
284,10/4/2016,$700.00 ,$17.50 ,$682.50 ,Credit Card
314,10/3/2016,$850.00 ,$21.25 ,$828.75 ,Credit Card
274,9/30/2016,$750.00 ,$0.00 ,$750.00 ,Mailed Payment
264,9/30/2016,$400.00 ,$10.00 ,$390.00 ,Credit Card
264,9/30/2016,$400.00 ,$10.00 ,$390.00 ,Credit Card
326,9/30/2016,$750.00 ,$18.75 ,$731.25 ,Credit Card
331,9/29/2016,"$1,000.00 ",$25.00 ,$975.00 ,Credit Card
303,9/21/2016,$250.00 ,$6.25 ,$243.75 ,Credit Card
337,9/21/2016,$500.00 ,$12.50 ,$487.50 ,Credit Card
252,9/20/2016,$750.00 ,$18.75 ,$731.25 ,Credit Card
249,9/20/2016,$750.00 ,$18.75 ,$731.25 ,Credit Card
283,9/19/2016,$750.00 ,$18.75 ,$731.25 ,Credit Card
338,9/16/2016,$150.00 ,$3.75 ,$146.25 ,Credit Card
339,9/15/2016,$150.00 ,$3.75 ,$146.25 ,Credit Card
299,9/14/2016,"$1,100.00 ",$27.50 ,"$1,072.50 ",Credit Card
340,9/7/2016,$150.00 ,$0.00 ,$150.00 ,Cash (offline)
287,9/7/2016,"$1,000.00 ",$25.00 ,$975.00 ,Credit Card
257,9/7/2016,$750.00 ,$0.00 ,$750.00 ,Mailed Payment
291,9/6/2016,$450.00 ,$0.00 ,$450.00 ,Bank Account
341,9/6/2016,$300.00 ,$7.50 ,$292.50 ,Credit Card
280,9/4/2016,$750.00 ,$18.75 ,$731.25 ,Credit Card
231,8/30/2016,$800.00 ,$20.00 ,$780.00 ,Credit Card
342,8/29/2016,$300.00 ,$7.50 ,$292.50 ,Credit Card
343,8/29/2016,$260.00 ,$0.00 ,$260.00 ,Cash (offline)
344,8/27/2016,$750.00 ,$18.75 ,$731.25 ,Credit Card
345,8/26/2016,$150.00 ,$3.75 ,$146.25 ,Credit Card
316,8/25/2016,$150.00 ,$3.75 ,$146.25 ,Credit Card
318,8/24/2016,$750.00 ,$18.75 ,$731.25 ,Credit Card
328,8/23/2016,$260.00 ,$0.00 ,$260.00 ,Cash (offline)
327,8/23/2016,"$1,250.00 ",$0.00 ,"$1,250.00 ",Check (offline)
270,8/23/2016,$750.00 ,$18.75 ,$731.25 ,Credit Card
273,8/23/2016,$800.00 ,$20.00 ,$780.00 ,Credit Card
35,8/23/2016,$700.00 ,$17.50 ,$682.50 ,Credit Card
330,8/23/2016,$700.00 ,$0.00 ,$700.00 ,Check (offline)
282,8/23/2016,$700.00 ,$0.00 ,$700.00 ,Check (offline)
293,8/23/2016,$450.00 ,$0.00 ,$450.00 ,Check (offline)
258,8/23/2016,$700.00 ,$0.00 ,$700.00 ,Check (offline)
279,8/22/2016,$700.00 ,$17.50 ,$682.50 ,Credit Card
346,8/22/2016,$450.00 ,$11.25 ,$438.75 ,Credit Card
277,8/21/2016,$730.00 ,$0.00 ,$730.00 ,Cash (offline)
247,8/16/2016,$700.00 ,$17.50 ,$682.50 ,Credit Card
263,8/16/2016,$500.00 ,$12.50 ,$487.50 ,Credit Card
272,8/15/2016,$300.00 ,$7.50 ,$292.50 ,Credit Card
311,8/12/2016,$800.00 ,$20.00 ,$780.00 ,Credit Card
300,7/25/2016,$550.00 ,$13.75 ,$536.25 ,Credit Card
272,7/11/2016,$500.00 ,$0.00 ,$500.00 ,Mailed Payment
240,7/11/2016,$800.00 ,$20.00 ,$780.00 ,Credit Card
314,7/5/2016,$200.00 ,$5.00 ,$195.00 ,Credit Card
347,6/20/2016,$750.00 ,$0.00 ,$750.00 ,Check (offline)
273,6/17/2016,$300.00 ,$7.50 ,$292.50 ,Credit Card
272,6/7/2016,$500.00 ,$0.00 ,$500.00 ,Mailed Payment
273,6/6/2016,$200.00 ,$5.00 ,$195.00 ,Credit Card
344,5/31/2016,$250.00 ,$6.25 ,$243.75 ,Credit Card
318,5/28/2016,$500.00 ,$12.50 ,$487.50 ,Credit Card
344,5/23/2016,$50.00 ,$1.25 ,$48.75 ,Credit Card
344,5/23/2016,$200.00 ,$5.00 ,$195.00 ,Credit Card
348,5/20/2016,$750.00 ,$18.75 ,$731.25 ,Credit Card
264,5/20/2016,$200.00 ,$5.00 ,$195.00 ,Credit Card
349,5/18/2016,$900.00 ,$0.00 ,$900.00 ,Mailed Payment
350,5/17/2016,$40.00 ,$1.00 ,$39.00 ,Credit Card
322,5/10/2016,$200.00 ,$5.00 ,$195.00 ,Credit Card
314,5/4/2016,$300.00 ,$7.50 ,$292.50 ,Credit Card
292,5/4/2016,$300.00 ,$0.00 ,$300.00 ,Cash (offline)
326,5/3/2016,$500.00 ,$12.50 ,$487.50 ,Credit Card
311,5/2/2016,$500.00 ,$12.50 ,$487.50 ,Credit Card
299,5/2/2016,$200.00 ,$0.00 ,$200.00 ,Mailed Payment
331,5/1/2016,$300.00 ,$7.50 ,$292.50 ,Credit Card
248,4/26/2016,$800.00 ,$20.00 ,$780.00 ,Credit Card
264,4/22/2016,$300.00 ,$7.50 ,$292.50 ,Credit Card
322,4/19/2016,$300.00 ,$7.50 ,$292.50 ,Credit Card
321,4/1/2016,$700.00 ,$17.50 ,$682.50 ,Credit Card
287,3/31/2016,$300.00 ,$0.00 ,$300.00 ,Mailed Payment
274,3/28/2016,$750.00 ,$0.00 ,$750.00 ,Mailed Payment
351,3/23/2016,$100.00 ,$2.50 ,$97.50 ,Credit Card
346,3/20/2016,$750.00 ,$18.75 ,$731.25 ,Credit Card
272,3/19/2016,$300.00 ,$7.50 ,$292.50 ,Credit Card
335,3/17/2016,$100.00 ,$0.00 ,$100.00 ,Bank Account
291,3/15/2016,$50.00 ,$0.00 ,$50.00 ,Bank Account
352,3/14/2016,$150.00 ,$3.75 ,$146.25 ,Credit Card
353,3/14/2016,$200.00 ,$0.00 ,$200.00 ,Mailed Payment
343,3/11/2016,$250.00 ,$0.00 ,$250.00 ,Mailed Payment
344,3/11/2016,$300.00 ,$7.50 ,$292.50 ,Credit Card
331,3/8/2016,$300.00 ,$0.00 ,$300.00 ,Mailed Payment
322,3/3/2016,$300.00 ,$7.50 ,$292.50 ,Credit Card
326,3/3/2016,$300.00 ,$7.50 ,$292.50 ,Credit Card
311,3/3/2016,$300.00 ,$7.50 ,$292.50 ,Credit Card
264,3/2/2016,$300.00 ,$7.50 ,$292.50 ,Credit Card
273,3/2/2016,$300.00 ,$7.50 ,$292.50 ,Credit Card
315,3/2/2016,$550.00 ,$13.75 ,$536.25 ,Credit Card
292,3/1/2016,$300.00 ,$0.00 ,$300.00 ,Cash (offline)
309,2/25/2016,$500.00 ,$0.00 ,$500.00 ,Check (offline)
299,2/24/2016,$300.00 ,$0.00 ,$300.00 ,Mailed Payment
291,2/23/2016,$700.00 ,$0.00 ,$700.00 ,Bank Account
354,2/22/2016,$150.00 ,$0.00 ,$150.00 ,Mailed Payment
355,2/22/2016,$500.00 ,$12.50 ,$487.50 ,Credit Card
341,2/22/2016,$200.00 ,$0.00 ,$200.00 ,Check (offline)
353,2/22/2016,$200.00 ,$0.00 ,$200.00 ,Mailed Payment
263,2/21/2016,$100.00 ,$2.50 ,$97.50 ,Credit Card
339,2/21/2016,$500.00 ,$0.00 ,$500.00 ,Check (offline)
293,2/18/2016,$250.00 ,$0.00 ,$250.00 ,Check (offline)
328,2/18/2016,$550.00 ,$0.00 ,$550.00 ,Cash (offline)
356,2/17/2016,$50.00 ,$0.00 ,$50.00 ,Cash (offline)
357,2/16/2016,$150.00 ,$3.75 ,$146.25 ,Credit Card
358,2/16/2016,$150.00 ,$0.00 ,$150.00 ,Mailed Payment
359,2/16/2016,$150.00 ,$0.00 ,$150.00 ,Mailed Payment
333,2/16/2016,$150.00 ,$3.75 ,$146.25 ,Credit Card
360,2/15/2016,$150.00 ,$0.00 ,$150.00 ,Check (offline)
288,2/15/2016,$750.00 ,$0.00 ,$750.00 ,Check (offline)
305,2/15/2016,$700.00 ,$0.00 ,$700.00 ,Check (offline)
320,2/15/2016,$750.00 ,$18.75 ,$731.25 ,Credit Card
361,2/15/2016,$150.00 ,$3.75 ,$146.25 ,Credit Card
249,2/15/2016,$750.00 ,$18.75 ,$731.25 ,Credit Card
252,2/14/2016,$750.00 ,$18.75 ,$731.25 ,Credit Card
362,2/12/2016,$300.00 ,$0.00 ,$300.00 ,Mailed Payment
343,2/12/2016,$200.00 ,$5.00 ,$195.00 ,Credit Card
314,2/11/2016,$300.00 ,$7.50 ,$292.50 ,Credit Card
318,2/11/2016,$300.00 ,$7.50 ,$292.50 ,Credit Card
325,2/11/2016,$500.00 ,$0.00 ,$500.00 ,Mailed Payment
303,2/11/2016,$750.00 ,$18.75 ,$731.25 ,Credit Card
257,2/10/2016,$750.00 ,$0.00 ,$750.00 ,Mailed Payment
363,2/8/2016,$100.00 ,$0.00 ,$100.00 ,Cash (offline)
277,2/8/2016,$660.00 ,$0.00 ,$660.00 ,Cash (offline)
364,2/8/2016,$650.00 ,$16.25 ,$633.75 ,Credit Card
284,2/8/2016,$700.00 ,$17.50 ,$682.50 ,Credit Card
365,2/7/2016,$200.00 ,$5.00 ,$195.00 ,Credit Card
358,2/4/2016,$150.00 ,$3.75 ,$146.25 ,Credit Card
350,2/3/2016,$10.00 ,$0.25 ,$9.75 ,Credit Card
283,2/2/2016,$750.00 ,$0.00 ,$750.00 ,Check (offline)
319,2/1/2016,$700.00 ,$17.50 ,$682.50 ,Credit Card
282,2/1/2016,$750.00 ,$0.00 ,$750.00 ,Check (offline)
366,1/31/2016,$300.00 ,$7.50 ,$292.50 ,Credit Card
304,1/31/2016,$150.00 ,$0.00 ,$150.00 ,Check (offline)
367,1/31/2016,$400.00 ,$0.00 ,$400.00 ,Cash (offline)
368,1/30/2016,$150.00 ,$3.75 ,$146.25 ,Credit Card
300,1/29/2016,$100.00 ,$2.50 ,$97.50 ,Credit Card
336,1/29/2016,$500.00 ,$12.50 ,$487.50 ,Credit Card
247,1/27/2016,$50.00 ,$0.00 ,$50.00 ,Bank Account
258,1/27/2016,$750.00 ,$0.00 ,$750.00 ,Mailed Payment
369,1/26/2016,$700.00 ,$17.50 ,$682.50 ,Credit Card
343,1/26/2016,$100.00 ,$0.00 ,$100.00 ,Cash (offline)
247,1/25/2016,$700.00 ,$0.00 ,$700.00 ,Bank Account
351,1/25/2016,$300.00 ,$7.50 ,$292.50 ,Credit Card
335,1/23/2016,$400.00 ,$10.00 ,$390.00 ,Credit Card
343,1/21/2016,$250.00 ,$0.00 ,$250.00 ,Mailed Payment
298,1/19/2016,$700.00 ,$0.00 ,$700.00 ,Cash (offline)
35,1/18/2016,$650.00 ,$0.00 ,$650.00 ,Check (offline)
330,1/18/2016,$650.00 ,$0.00 ,$650.00 ,Check (offline)
370,1/18/2016,$800.00 ,$0.00 ,$800.00 ,Cash (offline)
270,1/17/2016,$750.00 ,$18.75 ,$731.25 ,Credit Card
345,1/17/2016,$500.00 ,$12.50 ,$487.50 ,Credit Card
324,1/15/2016,$700.00 ,$17.50 ,$682.50 ,Credit Card
245,1/15/2016,$750.00 ,$18.75 ,$731.25 ,Credit Card
337,1/15/2016,$650.00 ,$16.25 ,$633.75 ,Credit Card
279,1/15/2016,$750.00 ,$18.75 ,$731.25 ,Credit Card
289,1/15/2016,$600.00 ,$15.00 ,$585.00 ,Credit Card
316,1/13/2016,$500.00 ,$12.50 ,$487.50 ,Credit Card
280,1/13/2016,$750.00 ,$18.75 ,$731.25 ,Credit Card
240,1/11/2016,$600.00 ,$15.00 ,$585.00 ,Credit Card
300,1/8/2016,$300.00 ,$7.50 ,$292.50 ,Credit Card
